strategy,horizon_hours,n_trades,n_markets,n_trading_days,win_rate,total_pnl,mean_return,daily_sharpe_annualized,daily_vol,max_drawdown,turnover_per_day,total_fees,sharpe_reliable,eval_period
mom_vn,1,15,11,11,0.6,121.32544554018482,8.08836303601233e-05,0.8017028323005331,0.0026284046328366524,-0.0033835965304206215,5444.422291568694,501.03,True,2021-07
mom_vn,6,12,9,10,0.5833333333333334,970.622042612269,0.0008088517021768909,6.003219167000886,0.003088960701061908,-0.001798685223891676,5494.686788345583,385.17,True,2021-07
mom_vn,12,6,4,5,0.8333333333333334,912.9030290010741,0.0015215050483351235,14.906652684990265,0.0023400274023404307,0.0,9278.2443120789,253.88,True,2021-07
mom_vn,24,1,1,1,0.0,-311.27000000000004,-0.0031127000000000004,,,0.0,25000.0,61.269999999999996,False,2021-07
rev_vn,1,1,1,1,1.0,152.67923076923054,0.0015267923076923054,,,0.0,3846.153846153846,78.09,False,2021-07
rev_vn,6,1,1,1,1.0,264.023846153846,0.0026402384615384603,,,0.0,3846.153846153846,82.13,False,2021-07
unconditional,1,74,16,23,0.44594594594594594,-1145.1521274631161,-0.0001547502874950158,-1.624011662326588,0.005857234837568703,-0.028305656191473835,53518.33867280669,4188.2699999999995,True,2021-07
unconditional,6,60,13,22,0.4166666666666667,-4604.217488072968,-0.0007673695813454951,-3.7652766199575973,0.010618977335876143,-0.0674774985944156,46792.09978193581,3169.1799999999994,True,2021-07
unconditional,12,40,9,18,0.45,1304.7632520982165,0.000326190813024554,0.9235292151539156,0.014995294693346069,-0.03670940883105824,38689.04970783914,2163.06,True,2021-07
unconditional,24,12,6,9,0.6666666666666666,5395.700557530205,0.0044964171312751695,11.919943376942921,0.009608986212773816,-0.009294651943976983,27536.232993285797,888.78,True,2021-07
mom_vn,1,6,4,5,0.3333333333333333,-290.44145995304376,-0.0004840690999217396,-8.181521321984565,0.0013564412003101581,-0.0033119316046111647,1419.7073823558326,72.91,True,2021-08
mom_vn,6,5,3,2,0.4,73.70326241134752,0.00014740652482269503,23.171389409714564,0.0003038442853700305,0.0,2623.342529963656,14.239999999999998,False,2021-08
mom_vn,12,5,3,3,0.6,140.89246983987718,0.0002817849396797544,18.19645090330332,0.0004930900850006385,0.0,1748.8950199757708,11.969999999999999,False,2021-08
mom_vn,24,2,2,2,1.0,104.84408163265309,0.0005242204081632654,16.356031260963196,0.0006123256110062773,0.0,1065.7596371882087,5.36,False,2021-08
unconditional,1,346,49,31,0.36127167630057805,-8172.460055558706,-0.00023619826750169673,-2.923968454992783,0.017225223354864774,-0.09973151103504012,91183.42617772715,18256.29,True,2021-08
unconditional,6,322,48,31,0.36645962732919257,-22161.39693660372,-0.0006882421408883144,-5.43829029576323,0.02511420786134479,-0.22040984601920474,76154.52489017053,16292.33,True,2021-08
unconditional,12,268,42,30,0.3843283582089552,-30892.59970026741,-0.0011527089440398286,-6.76325671638023,0.02908866311580636,-0.3072376729420589,49643.89817683023,12856.25,True,2021-08
unconditional,24,165,29,28,0.46060606060606063,-4971.1672040210615,-0.00030128286084976104,-1.170767967278768,0.028971830802324513,-0.23753034841386164,22893.107107006566,7566.9400000000005,True,2021-08
mom_vn,1,6,5,6,0.6666666666666666,-298.967312488626,-0.0004982788541477099,-3.8740185503615945,0.0024572944135864755,-0.006274550073092561,1555.444313210145,166.66,True,2021-09
mom_vn,6,5,4,5,0.6,-270.26051695846024,-0.0005405210339169206,-3.550103708026779,0.002908827657600647,-0.006697840948878711,1649.141871504348,156.77999999999997,True,2021-09
mom_vn,12,3,3,3,0.3333333333333333,-770.1070515019574,-0.0025670235050065243,-15.869417096738882,0.0030904043231461003,-0.008422695405607637,1862.4195510987963,117.19,False,2021-09
mom_vn,24,1,1,1,0.0,-895.1236363636363,-0.008951236363636362,,,0.0,1136.3636363636363,8.76,False,2021-09
unconditional,1,295,53,30,0.31186440677966104,-9858.682851478765,-0.00033419263903317845,-3.901571221289639,0.016091796589201575,-0.12580789449235852,83336.81082775761,16035.689999999999,True,2021-09
unconditional,6,241,44,30,0.3236514522821577,5860.242080977259,0.00024316357182478223,0.5573968514723792,0.06695395297961264,-0.2075343187803115,56633.63797248481,13072.84,True,2021-09
unconditional,12,192,38,28,0.24479166666666666,45989.06859272939,0.0023952639892046547,2.3410095529467285,0.13404166967811373,-0.17584524319047873,35616.142820984016,10171.66,True,2021-09
unconditional,24,116,23,25,0.1724137931034483,-9403.363503244871,-0.0008106347847624891,-1.9578736049192265,0.036703290146736456,-0.23124554863139493,17210.26975520189,5551.42,True,2021-09
mom_vn,1,17,9,8,0.5294117647058824,-251.06043410347985,-0.00014768260829616463,-2.4575895867465265,0.002439637849115956,-0.007694756294960474,2830.1974954894094,390.2099999999999,True,2021-10
mom_vn,6,14,7,5,0.5714285714285714,423.53153364408524,0.0003025225240314895,2.3744591732975597,0.006815496075770354,-0.008797248918197586,3875.0438385375974,348.25,True,2021-10
mom_vn,12,14,7,6,0.6428571428571429,924.1391047914553,0.000660099360565325,5.076814037588179,0.0057961721254925535,-0.007914032640869354,3229.203198781331,331.28999999999996,True,2021-10
mom_vn,24,10,5,5,1.0,2439.6033182299943,0.002439603318229994,21.61667253005196,0.004312278486572198,0.0,2622.114934669839,127.99,True,2021-10
unconditional,1,478,60,31,0.33472803347280333,-19554.32743199666,-0.0004090863479497209,-6.692592892231022,0.018006662042468837,-0.2358470245058689,122756.27991966151,26816.9,True,2021-10
unconditional,6,433,53,31,0.3648960739030023,10166.218639575884,0.0002347856498747319,1.3137632200670364,0.04768997390017825,-0.1720464445489856,97424.9070169247,24230.48,True,2021-10
unconditional,12,369,48,30,0.3821138211382114,10289.292343543111,0.0002788426109361273,1.6087921238726937,0.04072965700818643,-0.16795445038856877,74083.37198182476,20871.14,True,2021-10
unconditional,24,277,40,27,0.30685920577617326,-36611.22366281647,-0.001321704825372436,-6.6765400097161205,0.03880122676912172,-0.4519953497266051,48747.751555317845,13910.029999999999,True,2021-10
mom_vn,1,21,10,12,0.38095238095238093,-1299.420474543686,-0.0006187716545446124,-8.082895602873359,0.0025594574981049802,-0.016846555996930895,3593.0256205317705,802.0899999999999,True,2021-11
mom_vn,6,21,10,11,0.2857142857142857,-2721.5874275641486,-0.0012959940131257847,-8.40381834997011,0.005624700218017935,-0.030723352697449777,3919.664313307386,767.9099999999997,True,2021-11
mom_vn,12,21,10,14,0.3333333333333333,-2575.1132187938124,-0.0012262443899018155,-6.784902696127446,0.005179300402026223,-0.029763118170777186,3079.736246170089,734.23,True,2021-11
mom_vn,24,19,9,11,0.47368421052631576,-4471.418506682083,-0.002353378161411621,-8.674649345660045,0.008952557904210266,-0.049086882397357756,3718.3079235610726,612.97,True,2021-11
rev_vn,1,8,1,5,0.125,-851.1716460366299,-0.0010639645575457872,-25.149703439543632,0.0012931851465805065,-0.0058274549713388454,5999.431046164437,549.53,True,2021-11
rev_vn,6,8,1,6,0.0,-1198.1701204808144,-0.001497712650601018,-37.05313235912155,0.0010296479025697215,-0.009024593543316901,4999.525871803698,536.9399999999999,True,2021-11
rev_vn,12,8,1,6,0.125,-1409.6071801404278,-0.0017620089751755347,-15.91622701481342,0.00282002631006302,-0.006580159598461117,4999.525871803698,529.28,True,2021-11
rev_vn,24,8,1,5,0.0,-3326.483303111653,-0.004158104128889567,-17.634847967013446,0.007207589698577433,-0.014323788121824232,5999.431046164437,459.77,True,2021-11
unconditional,1,739,81,30,0.3572395128552097,-22018.782094148228,-0.00029795374958252,-8.33916511917268,0.01681496229870948,-0.22512416348657455,223817.15815312145,43372.4,True,2021-11
unconditional,6,676,75,30,0.35355029585798814,-8011.824896085222,-0.00011851811976457435,-1.5736571328327011,0.03242250096400448,-0.16820328830191755,178482.58177861726,39805.479999999996,True,2021-11
unconditional,12,596,67,30,0.3674496644295302,-27241.094795927896,-0.00045706534892496476,-4.327749609586442,0.04008552806663824,-0.26527364536544973,134949.54740668685,34685.69,True,2021-11
unconditional,24,455,50,28,0.34285714285714286,-54626.0373242525,-0.0012005722488846705,-9.087248909660069,0.041016223788116486,-0.5443204717820487,90090.98660042362,26225.5,True,2021-11
mom_vn,1,28,9,7,0.35714285714285715,-1007.5283157399922,-0.00035983154133571146,-9.187613966934158,0.0029929737881084053,-0.0032033477687939183,5916.109238250535,755.07,True,2021-12
mom_vn,6,28,9,9,0.42857142857142855,-2163.2389011549953,-0.0007725853218410697,-8.937515432052244,0.005137970451121436,-0.008042642942623232,4601.418296417082,713.3499999999999,True,2021-12
mom_vn,12,28,9,9,0.35714285714285715,-1133.8204976416093,-0.00040493589201486045,-4.910347932921906,0.0049015784823984426,-0.00510227382185896,4601.418296417082,729.24,True,2021-12
mom_vn,24,27,9,7,0.5185185185185185,-2876.8325068132413,-0.0010654935210419412,-4.880355419289227,0.016088350466410526,-0.00042752081857155345,5725.633047774344,560.37,True,2021-12
rev_vn,1,1,1,1,1.0,92.06103448275854,0.0009206103448275854,,,0.0,1724.1379310344826,45.870000000000005,False,2021-12
rev_vn,6,1,1,1,1.0,216.97068965517232,0.002169706896551723,,,0.0,1724.1379310344826,41.650000000000006,False,2021-12
rev_vn,12,1,1,1,1.0,163.4365517241379,0.0016343655172413789,,,0.0,1724.1379310344826,43.46,False,2021-12
rev_vn,24,1,1,1,1.0,680.9365517241378,0.006809365517241378,,,0.0,1724.1379310344826,25.96,False,2021-12
unconditional,1,1027,113,31,0.36806231742940604,-15535.303341325256,-0.00015126877644912616,-3.6858118143712124,0.025975942740768903,-0.1921231286970958,215591.92547978827,41193.67,True,2021-12
unconditional,6,956,110,31,0.4372384937238494,-34804.66956118338,-0.0003640655811839265,-4.980633133748654,0.04306631373439585,-0.385532765544522,160291.8975306905,36000.52,True,2021-12
unconditional,12,825,91,31,0.52,-21397.929602438577,-0.0002593688436659221,-3.042215895036473,0.043347740186136414,-0.3265349661770702,105522.28492788826,29492.67,True,2021-12
unconditional,24,623,71,29,0.5184590690208668,-18946.227658791868,-0.00030411280351190804,-2.996338947819695,0.041656257218483615,-0.37979359817058034,72465.13220307708,20777.059999999998,True,2021-12
mom_vn,1,15,10,11,0.26666666666666666,-746.1070940072062,-0.0004974047293381375,-5.457078871994897,0.0023746230856044577,-0.0060780456078820865,6324.8127249067675,360.74,True,2022-01
mom_vn,6,15,10,11,0.3333333333333333,186.73066971111638,0.00012448711314074428,1.6178146847049846,0.002004659556792999,-0.004382986543030394,6324.8127249067675,382.83000000000004,True,2022-01
mom_vn,12,15,10,11,0.3333333333333333,-1486.885726915671,-0.000991257151277114,-8.71787153201137,0.0029622443153413413,-0.017288266755176324,6324.8127249067675,318.78999999999996,True,2022-01
mom_vn,24,12,8,9,0.5,-1642.0732128760974,-0.0013683943440634145,-9.208401443798026,0.00378540363675324,-0.0188176258800463,7152.533721449977,240.44000000000003,True,2022-01
rev_vn,1,5,2,3,0.4,1868.6563492063497,0.0037373126984126988,6.927032817594718,0.01717937552971046,-0.008213729830504678,35687.83068783069,430.54999999999995,False,2022-01
rev_vn,6,5,2,3,0.8,6829.22253968254,0.01365844507936508,12.788542862065746,0.03400755265366818,0.0,35687.83068783069,610.4599999999999,False,2022-01
rev_vn,12,5,2,3,0.4,708.355396825397,0.0014167107936507931,3.0243706863302005,0.014915621857642312,-0.011305957483739913,35687.83068783069,388.47,False,2022-01
rev_vn,24,5,2,2,0.6,2318.2193650793647,0.00463643873015873,12.344236867995553,0.017939350668721654,-0.0010680124694300924,53531.746031746035,446.86,False,2022-01
unconditional,1,1078,124,31,0.29035250463821893,-17435.473178292545,-0.0001617390832865728,-2.863725503433649,0.03752209591647848,-0.3069735923935943,516200.27459658176,55970.37,True,2022-01
unconditional,6,953,109,31,0.3567681007345226,-41830.33454326271,-0.0004389332061202802,-5.3405206236492555,0.04827168732916181,-0.5330641685437484,367306.8696130059,47485.909999999996,True,2022-01
unconditional,12,822,97,30,0.36253041362530414,-69706.37738471178,-0.0008480094572349364,-7.051395131817899,0.06295389990841636,-0.7784376939245438,231640.28134951447,38362.76000000001,True,2022-01
unconditional,24,604,70,27,0.3973509933774834,-90588.97378597388,-0.001499817446787647,-9.464867691882487,0.06772413403426422,-1.0460379869651155,110190.79013412715,25721.76,True,2022-01
mom_vn,1,9,6,7,0.3333333333333333,-32.072076654330544,-3.563564072703396e-05,-0.9641081496855175,0.0009079244663767148,-0.00172584838471509,2036.4741339750349,315.3,True,2022-02
mom_vn,6,8,5,5,0.375,-391.71761231133803,-0.0004896470153891725,-5.553387112825315,0.0026952036021118176,-0.006081078652800669,2295.5082320094934,248.54000000000002,True,2022-02
mom_vn,12,8,5,5,0.375,-504.6171536128221,-0.0006307714420160275,-2.872148493376303,0.00671323032595307,-0.012538408678799995,2295.5082320094934,252.35000000000002,True,2022-02
mom_vn,24,7,4,4,0.42857142857142855,-428.95959378097325,-0.0006127994196871046,-2.209725613521648,0.00927180899972401,-0.014438788389047056,2564.507241231379,227.42000000000002,False,2022-02
unconditional,1,791,130,28,0.34513274336283184,-7028.459585362465,-8.885536770369741e-05,-1.682908888267676,0.028496265512314687,-0.0953252146243155,257288.80921265762,39254.939999999995,True,2022-02
unconditional,6,683,105,28,0.39092240117130306,-10622.512636628677,-0.000155527271400127,-2.048861776511319,0.03537553339817775,-0.1809700519500663,177308.84823490094,33016.86,True,2022-02
unconditional,12,565,82,26,0.4088495575221239,-26148.139682447967,-0.00046279893243270743,-5.989527278380952,0.03207903780528814,-0.26756385982737324,123837.40319250703,26742.179999999997,True,2022-02
unconditional,24,409,45,25,0.36674816625916873,-24911.389098681157,-0.0006090804180606639,-5.1560136463758734,0.03692243295790579,-0.3037803786999241,71096.98868559209,18854.25,True,2022-02
mom_vn,1,18,13,14,0.2777777777777778,-11.068543827414164,-6.1491910152301165e-06,-0.03356871496549326,0.004499602704511495,-0.013933267163964959,2963.549078430985,761.01,True,2022-03
mom_vn,6,17,12,13,0.4117647058823529,-1424.6351506750957,-0.0008380206768677034,-5.104047757404486,0.0041019655275143915,-0.019512370711580334,3058.888397461485,732.68,True,2022-03
mom_vn,12,13,10,11,0.38461538461538464,148.52586375571244,0.00011425066442747116,0.6289615166523161,0.004101396533884036,-0.01415528466553926,2566.3132494630468,556.1400000000001,True,2022-03
mom_vn,24,6,5,5,0.6666666666666666,970.2367291983917,0.0016170612153306532,9.356575561546052,0.003962207447022109,-0.0032598235196053173,3603.0213958602703,321.11,True,2022-03
rev_vn,1,1,1,1,1.0,36.74162790697676,0.0003674162790697676,,,0.0,1162.7906976744187,9.77,False,2022-03
rev_vn,6,1,1,1,1.0,36.74162790697676,0.0003674162790697676,,,0.0,1162.7906976744187,9.77,False,2022-03
rev_vn,12,1,1,1,0.0,-11.4,-0.000114,,,0.0,1162.7906976744187,11.4,False,2022-03
rev_vn,24,1,1,1,0.0,-11.4,-0.000114,,,0.0,1162.7906976744187,11.4,False,2022-03
unconditional,1,865,141,31,0.38497109826589593,64134.93110022688,0.0007414442901760332,3.665049386898136,0.1078448820345865,-0.03707174111774118,217323.12300969815,44978.27,True,2022-03
unconditional,6,770,132,31,0.4116883116883117,97515.17873393773,0.0012664308926485421,5.076516138430875,0.11838350344238106,-0.07429682270431205,152439.42408505207,41140.76,True,2022-03
unconditional,12,630,94,31,0.43333333333333335,154658.74965084414,0.0024549007881086377,7.252819779988532,0.1314172415302995,-0.020420150806404483,101394.033372288,35796.17,True,2022-03
unconditional,24,429,54,29,0.4289044289044289,48384.8395790989,0.0011278517384405338,6.26820927341314,0.0508527275957801,-0.08541235642663961,57437.07514016542,23024.91,True,2022-03
mom_vn,1,5,1,1,0.6,52.8244484185426,0.00010564889683708522,,,0.0,5235.041611146177,14.16,False,2022-04
mom_vn,6,5,1,2,0.2,-223.8933022418588,-0.0004477866044837176,-41.34487077216878,0.000517292163864966,-0.0007548067890373989,2617.5208055730886,23.520000000000003,False,2022-04
mom_vn,12,5,1,1,0.2,-54.20050003506573,-0.00010840100007013145,,,0.0,5235.041611146177,17.77,False,2022-04
rev_vn,1,4,1,1,0.0,-1421.9933333333329,-0.0035549833333333326,,,0.0,101666.6666666666,238.66,False,2022-04
rev_vn,6,4,1,1,0.75,5075.6899999999905,0.012689224999999978,,,0.0,101666.6666666666,474.30999999999995,False,2022-04
rev_vn,12,4,1,1,0.75,1553.4200000000008,0.0038835500000000017,,,0.0,101666.6666666666,346.58000000000004,False,2022-04
unconditional,1,652,137,30,0.3512269938650307,4176.772383911479,6.406092613361169e-05,1.0195799841455335,0.02608823423751122,-0.08159669114238553,180699.63207082925,32082.809999999998,True,2022-04
unconditional,6,534,111,30,0.4419475655430712,34472.55560603229,0.0006455534757683949,5.442195092315485,0.040338946505925996,-0.04177369852252415,130759.51279979473,26129.39,True,2022-04
unconditional,12,383,81,30,0.4621409921671018,62483.610237079614,0.0016314258547540368,6.568583216246644,0.060578649313365596,-0.06171596544401508,91456.68017802919,18544.8,True,2022-04
unconditional,24,217,45,26,0.4838709677419355,101995.94334888826,0.004700273887045542,7.432637761493939,0.10083539777906769,-0.03549286100878738,61973.42268994271,9612.23,True,2022-04
mom_vn,1,12,10,5,0.25,-517.1152301747971,-0.0004309293584789976,-6.850686309009505,0.002884228573608542,-0.006360221670825546,3931.4685960650736,512.9200000000001,True,2022-05
mom_vn,6,12,10,5,0.4166666666666667,-1512.9967643021914,-0.0012608306369184927,-8.925470621346205,0.006477140270011587,-0.006556776905544999,3931.4685960650736,447.37,True,2022-05
mom_vn,12,11,9,4,0.36363636363636365,-1795.9808020736564,-0.0016327098200669603,-17.862951108371757,0.004802141152019685,-0.0113408298870675,4552.01690450163,396.71,False,2022-05
mom_vn,24,5,5,2,0.0,-1217.281815104404,-0.002434563630208808,-21.755974929797144,0.0053447699996143645,-0.0023300738494851877,4123.107349628526,222.25,False,2022-05
unconditional,1,861,146,31,0.32868757259001163,-8382.719153791537,-9.736026891743948e-05,-1.647475732748272,0.03135816409808513,-0.18714809510631697,197680.23692830425,42846.66,True,2022-05
unconditional,6,746,122,31,0.39946380697050937,18811.072012626195,0.0002521591422604048,2.5414670708520246,0.04561564260968279,-0.17667782004997304,147460.33924006586,38177.67,True,2022-05
unconditional,12,603,100,30,0.3996683250414594,48757.02377140644,0.0008085741918972875,4.781905934825297,0.06493238218673418,-0.11649184168785469,99505.82190984754,30372.75,True,2022-05
unconditional,24,354,61,27,0.4322033898305085,41608.59066441686,0.0011753839170739228,4.734439354988394,0.062186643433773406,-0.10659081021188008,46817.18287523881,15633.49,True,2022-05
mom_vn,1,22,15,8,0.6363636363636364,341.7349692439638,0.00015533407692907444,4.82289669224919,0.001692146296307139,-0.0014264699382307059,4500.964944795209,540.6600000000001,True,2022-06
mom_vn,6,16,10,7,0.8125,1566.615940283059,0.0009791349626769117,12.624863296352908,0.0033867586536351713,-0.003529761682616296,4138.643518027604,450.99,True,2022-06
mom_vn,12,10,7,3,0.7,481.4937919228848,0.0004814937919228851,3.602477783523156,0.008511665702672038,-0.007947070066629699,5113.863641634849,309.76,False,2022-06
mom_vn,24,4,3,2,0.75,500.5299999999999,0.0012513249999999997,46.13350582505826,0.0010364064091851217,0.0,2860.0230414746543,99.47,False,2022-06
unconditional,1,1312,197,30,0.3673780487804878,282.02667043406063,2.149593524649854e-06,0.045978458545527956,0.03906258237440462,-0.16159021222299802,354800.87673913926,67024.79999999999,True,2022-06
unconditional,6,1140,179,30,0.4535087719298246,154462.33520272456,0.0013549327649361805,8.278742618240022,0.11881831604167942,-0.0989490091212743,301046.7665146074,61374.34,True,2022-06
unconditional,12,892,152,30,0.5123318385650224,215565.16978789106,0.0024166498855144737,10.751555823925946,0.12768281644096646,-0.08426496871183527,205542.5662696372,49126.399999999994,True,2022-06
unconditional,24,529,90,27,0.5311909262759924,220902.53209708031,0.004175851268375809,8.595387408033814,0.1818519265068238,-0.07794550762921407,98946.69818937119,28072.399999999998,True,2022-06
mom_vn,1,13,8,6,0.5384615384615384,813.1915225188931,0.0006255319403991486,7.086615202592142,0.003653837029231838,-0.0031264125233384037,2960.9322495675806,294.95000000000005,True,2022-07
mom_vn,6,12,7,6,0.5833333333333334,684.1512927733434,0.0005701260773111194,6.053946689663517,0.0035983942282589373,-0.003006718461412936,2792.582081217412,287.82,True,2022-07
mom_vn,12,11,6,6,0.5454545454545454,-1926.8551108978518,-0.0017516864644525924,-11.653093141408995,0.005265056347160128,-0.008396233454070095,2598.783631605009,296.61,True,2022-07
mom_vn,24,10,5,6,0.6,-195.59725221217587,-0.00019559725221217575,-1.5707298471072924,0.003965120910097795,-0.003961601009342555,2357.237737885202,276.69,True,2022-07
unconditional,1,1567,214,31,0.3229100191448628,-33355.481786352975,-0.00021286204075528385,-9.941156825474774,0.020678309503702093,-0.3261117074924723,442699.2038869575,83668.47,True,2022-07
unconditional,6,1387,173,31,0.3987022350396539,44789.029274658125,0.00032292018222536493,2.91054584227171,0.09483790339680623,-0.2974728306673168,325836.1694058567,76811.09,True,2022-07
unconditional,12,1157,147,30,0.3958513396715644,124525.30492418824,0.0010762774842194313,9.16765524760195,0.08650167521481515,-0.0792787598138959,227650.7676177252,65574.94,True,2022-07
unconditional,24,759,95,28,0.4031620553359684,131870.62880628314,0.0017374259394767212,7.606251032160112,0.11829484606063201,-0.14562955736076785,117637.34410025192,42071.0,True,2022-07
mom_vn,1,7,4,4,0.2857142857142857,-210.450401705817,-0.00030064343100831,-2.9788557796844364,0.0033743235461262525,-0.005543200966541601,2653.9518907174647,216.70000000000002,False,2022-08
mom_vn,6,7,4,4,0.5714285714285714,331.2291138684417,0.00047318444838348803,6.551883681873242,0.0024146198415395605,0.0,2653.9518907174647,192.83,False,2022-08
mom_vn,12,6,3,3,0.3333333333333333,458.1785596900054,0.0007636309328166757,19.302056402039216,0.0015116677915387683,0.0,3187.7253279741635,195.12,False,2022-08
mom_vn,24,6,3,3,0.6666666666666666,974.5111812304489,0.0016241853020507483,52.24658523242014,0.0011878294624664365,0.0,3187.7253279741635,191.19000000000003,False,2022-08
unconditional,1,1382,232,31,0.329232995658466,17583.45245382057,0.00012723192803053954,2.9960072449797375,0.036169793605762876,-0.1387857579117122,518853.7877314826,82642.26999999999,True,2022-08
unconditional,6,1225,209,31,0.40408163265306124,130094.44420124133,0.001061995462867276,7.022964546320084,0.11416237954549369,-0.04627791901916364,405004.00292570674,75454.73,True,2022-08
unconditional,12,1001,176,31,0.38961038961038963,174079.29738723452,0.0017390539199523929,4.4329400422136125,0.24201373057710954,-0.27116708678425283,261502.65900344195,60480.350000000006,True,2022-08
unconditional,24,626,107,30,0.38498402555910544,79001.56299533971,0.0012620057986475993,5.4443317031519,0.09240942837845596,-0.25358489957014263,110945.43470823066,36067.95,True,2022-08
mom_vn,1,17,7,5,0.47058823529411764,-462.68538453330376,-0.0002721678732548846,-3.5974314761273294,0.0049143906803627,-0.011800167793063348,7532.487004608888,742.99,True,2022-09
mom_vn,6,17,7,6,0.7647058823529411,1819.109648480704,0.0010700644991062964,3.5818388786947315,0.016171414652632582,-0.020200083026507505,6277.07250384074,654.1699999999998,True,2022-09
mom_vn,12,16,7,5,0.75,2892.1673815850545,0.0018076046134906593,5.888130687417049,0.018768190848599795,-0.018440655153754783,7330.466802588684,673.1800000000001,True,2022-09
mom_vn,24,13,6,4,1.0,7017.29843215051,0.005397921870885008,17.443636931616233,0.01921406912296571,0.0,7820.779455707929,600.23,False,2022-09
unconditional,1,1435,237,30,0.35400696864111497,26009.582696072157,0.00018125144735938782,2.774007359790211,0.059710533684031133,-0.14574608581646858,606087.9559665405,84187.94,True,2022-09
unconditional,6,1275,206,30,0.42980392156862746,118067.19215417135,0.0009260171933660497,6.788066692944267,0.11076646910593112,-0.07162594322580118,474845.54656336433,77180.72999999998,True,2022-09
unconditional,12,1069,172,30,0.45088868101029,165637.0578022743,0.0015494579775703866,8.072263091885432,0.1306734559235613,-0.1727958386786264,345380.5590650573,65652.67,True,2022-09
unconditional,24,693,123,28,0.49206349206349204,199983.52975210495,0.002885765220088095,7.500506401307793,0.18192485789065102,-0.09238801703148772,215296.4108543619,43177.729999999996,True,2022-09
mom_vn,1,2,2,2,0.5,258.9212423916938,0.001294606211958469,8.725627833236112,0.0028345716117816624,-0.0007074049023667202,1897.6011457214465,111.28999999999999,False,2022-10
mom_vn,6,1,1,1,1.0,541.1167346938776,0.005411167346938776,,,0.0,2040.8163265306123,50.72,False,2022-10
mom_vn,12,1,1,1,1.0,541.1167346938776,0.005411167346938776,,,0.0,2040.8163265306123,50.72,False,2022-10
unconditional,1,1055,188,31,0.33838862559241706,5469.745821954519,5.184593196165419e-05,0.9476653750762347,0.03557106519376705,-0.15720909646258704,320960.96557412145,59026.729999999996,True,2022-10
unconditional,6,898,162,31,0.42761692650334077,66974.49034608617,0.0007458183780187771,7.971219674482094,0.051780874182493185,-0.05076091481225723,236839.7365217984,51504.24,True,2022-10
unconditional,12,714,128,31,0.49719887955182074,64642.75164570877,0.0009053606673068455,8.19177547353977,0.048632492986570526,-0.03423037038664701,164815.27180480963,40701.16,True,2022-10
unconditional,24,453,81,27,0.5011037527593819,64036.8888256334,0.0014136178548704947,11.009250592636914,0.041158082633780124,-0.03423450091613835,96686.11710426987,25586.120000000003,True,2022-10
mom_vn,1,5,5,4,0.0,-180.69651438085478,-0.00036139302876170954,-29.047023907194177,0.00029712183862703735,-0.0015668324581274264,2460.6837336244375,150.10999999999999,False,2022-11
mom_vn,6,5,5,5,0.0,-535.4342344087943,-0.0010708684688175885,-37.15867744342071,0.0005505823882288413,-0.00511506304165488,1968.5469868995501,162.1,True,2022-11
mom_vn,12,4,4,3,0.0,-1694.561609889019,-0.004236404024722548,-33.19512943496432,0.0032509341631948127,-0.008506081240605118,2893.3147456077772,132.32,False,2022-11
mom_vn,24,2,2,2,0.5,-387.843381111642,-0.0019392169055582101,-11.776076254207323,0.003146097746018998,-0.0041626558918226335,1274.0882306099697,50.209999999999994,False,2022-11
unconditional,1,947,169,30,0.33157338965153116,19929.862829213325,0.00021045261699274894,1.9322711429389166,0.0656842762666176,-0.14771278280780933,401589.4462109452,56919.479999999996,True,2022-11
unconditional,6,771,129,30,0.3735408560311284,41687.19407028972,0.0005406899360608264,4.7547702718097495,0.0558339435210125,-0.06242235094039073,292298.00495459104,46764.920000000006,True,2022-11
unconditional,12,617,96,30,0.3646677471636953,101339.45285516127,0.0016424546653996963,6.447667799746691,0.10009239456561143,-0.07994510188107679,206548.4882854604,39717.55,True,2022-11
unconditional,24,402,62,25,0.34577114427860695,69438.10561118148,0.001727316059979639,6.65235727599814,0.07976800342814677,-0.06944848500791001,128263.21533364934,26644.0,True,2022-11
mom_vn,1,7,6,6,0.42857142857142855,-40.24307354639919,-5.7490105066284517e-05,-1.3887359326343367,0.0009227130256826039,-0.0010475977765892115,1838.0037138669886,266.34000000000003,True,2022-12
mom_vn,6,7,6,5,0.5714285714285714,-743.5543230728729,-0.0010622204615326754,-6.182840261084054,0.00459516493917372,-0.008940381344101191,2205.604456640386,270.28999999999996,True,2022-12
mom_vn,12,4,4,4,0.5,9.88102499650887,2.4702562491272454e-05,0.0730838207835216,0.0064575413364901324,-0.007852722565368385,1810.15221337802,173.18,False,2022-12
mom_vn,24,1,1,1,1.0,369.5953968253968,0.003695953968253968,,,0.0,1587.3015873015872,27.229999999999997,False,2022-12
unconditional,1,666,144,31,0.3333333333333333,-14038.991797078066,-0.00021079567262879978,-4.892172887282987,0.017685561884690053,-0.1884109082365453,313813.9165679052,37609.689999999995,True,2022-12
unconditional,6,536,113,30,0.38619402985074625,-9320.863384596494,-0.00017389670493650169,-2.278647683341034,0.026049784736824625,-0.1050948035325669,220467.33307268444,30035.97,True,2022-12
unconditional,12,385,82,26,0.4103896103896104,16161.270092137454,0.0004197732491464273,4.356689840699852,0.027257870863016002,-0.039825174597431595,141425.4004248224,21229.35,True,2022-12
unconditional,24,208,42,22,0.4423076923076923,3573.14045434045,0.00017178559876636771,1.3306784858630512,0.023318505031381793,-0.10202486758940918,63411.69776846248,11420.289999999999,True,2022-12
mom_vn,1,3,3,3,0.0,-302.41525252525247,-0.0010080508417508415,-30.03413468427387,0.0006412298703684371,-0.0013372022485380552,1447.8114478114476,99.89,False,2023-01
mom_vn,6,3,3,3,0.0,-512.8180808080807,-0.0017093936026936023,-57.73737364300991,0.000565628757659124,-0.0034447906889196645,1447.8114478114476,107.00999999999999,False,2023-01
mom_vn,12,3,3,3,0.0,-470.7967676767677,-0.001569322558922559,-22.996912843881603,0.0013037343574747303,-0.0026733760308422705,1447.8114478114476,103.12,False,2023-01
mom_vn,24,1,1,1,0.0,-712.8272727272725,-0.007128272727272725,,,0.0,1818.181818181818,40.1,False,2023-01
unconditional,1,552,140,31,0.35507246376811596,7021.072824877968,0.00012719334827677474,1.6079717441280883,0.02690975868395082,-0.0902312849142284,257950.3911401376,33661.259999999995,True,2023-01
unconditional,6,419,100,31,0.3556085918854415,12327.905480783285,0.00029422208784685654,1.59110469281711,0.04775020909684501,-0.07645048141932259,179114.952539294,25829.82,True,2023-01
unconditional,12,315,71,29,0.35555555555555557,27603.088497893175,0.0008762885237426399,2.706725101451209,0.06718339735809407,-0.13275638236402174,123421.30413674976,18711.829999999998,True,2023-01
unconditional,24,190,40,27,0.3526315789473684,7424.54969578312,0.00039076577346226917,1.5136102655685226,0.034708729922263794,-0.09888532097362228,70283.21663878691,10676.41,True,2023-01
mom_vn,1,5,3,3,0.6,135.69832531883344,0.0002713966506376669,10.094150561799626,0.0008561106253813371,0.0,2026.6773590460816,68.51,False,2023-02
unconditional,1,440,110,28,0.3181818181818182,-9887.918960417874,-0.00022472543091858806,-5.5859483003423795,0.01207803788143967,-0.08756640575328428,215646.26444897355,23633.36,True,2023-02
unconditional,6,309,71,28,0.44336569579288027,15359.473407371508,0.0004970703368081395,5.856969456691661,0.01789335457482042,-0.039811450784488576,142481.76677965684,16911.480000000003,True,2023-02
unconditional,12,218,51,26,0.5137614678899083,40440.309385595145,0.00185506006355941,6.524644323728206,0.04554395184967862,-0.01813519197637309,96446.77361834073,12664.730000000001,True,2023-02
unconditional,24,121,20,22,0.5619834710743802,42907.083532679266,0.0035460399613784516,5.7598597328131245,0.06469054944797657,-0.013693428841262005,58469.886929809254,7378.99,True,2023-02
mom_vn,1,18,13,11,0.3888888888888889,-127.64443164427993,-7.091357313571114e-05,-0.9609022364963302,0.002307153110729827,-0.0049486123415748325,2490.4069591424613,606.38,True,2023-03
mom_vn,6,15,11,11,0.4666666666666667,-1158.329762256069,-0.0007722198415040456,-5.731545204422852,0.003510057576239304,-0.012801472885794946,2116.3866031466187,526.39,True,2023-03
mom_vn,12,8,6,6,0.5,-792.871818679713,-0.0009910897733496414,-6.327358771001579,0.003990025795109946,-0.010025390359935873,2165.419120991253,335.53000000000003,True,2023-03
mom_vn,24,5,3,4,0.4,-1172.692299106222,-0.002345384598212444,-10.658234785355937,0.005255151384730237,-0.014203683618897792,2178.996803303973,227.01,False,2023-03
unconditional,1,952,168,31,0.31092436974789917,49686.044927568066,0.0005219122366341186,2.7443074857320173,0.11158000996674063,-0.061655787503625076,392843.13576046104,51622.85,True,2023-03
unconditional,6,827,141,31,0.343409915356711,70912.2194305748,0.000857463354662331,3.960528168630902,0.11034501299834254,-0.12191028230127705,306583.7172942225,44972.27,True,2023-03
unconditional,12,673,99,31,0.3536404160475483,115281.49303905145,0.0017129493765089363,5.011798042582508,0.14175904170836615,-0.13367238978135834,235191.10180444704,35826.06,True,2023-03
unconditional,24,491,38,27,0.35234215885947046,24266.861264113813,0.000494233426967695,1.7094499582325724,0.10044767372848677,-0.2347320335544935,165232.90684069772,23277.19,True,2023-03
mom_vn,1,4,4,3,0.5,-279.28293181403455,-0.0006982073295350865,-10.355082505209863,0.0017175761814646078,-0.0037512368462972938,1640.9147331878014,71.88,False,2023-04
mom_vn,6,3,3,3,0.0,-482.96488230165636,-0.001609882941005521,-26.909983642084725,0.0011429501708787294,-0.0019798688732596,1253.317833962995,67.76,False,2023-04
mom_vn,12,3,3,3,0.0,-600.0447863993027,-0.0020001492879976753,-24.839800747336124,0.0015383697671719244,-0.005768394207201027,1253.317833962995,71.71000000000001,False,2023-04
mom_vn,24,2,2,2,0.0,-325.5417204301075,-0.0016277086021505374,-51.34345581228284,0.0006056726935902743,-0.0020584528479286575,1204.3010752688172,38.66,False,2023-04
unconditional,1,1467,147,30,0.2038173142467621,-68901.14525372486,-0.0004696737917772656,-23.93500852277422,0.01833234542219021,-0.7019020126622241,841151.7975122855,85451.66,True,2023-04
unconditional,6,1280,119,30,0.25703125,-44283.18117427148,-0.0003459623529239959,-12.530155130484383,0.02250647816162007,-0.46769132900128463,741125.2129092333,75344.93,True,2023-04
unconditional,12,1094,91,30,0.27056672760511885,-45215.82843751687,-0.0004133073897396424,-12.00907623746746,0.02397761971256229,-0.47082014761223273,653672.1616909804,64700.649999999994,True,2023-04
unconditional,24,758,54,27,0.2849604221635884,-23208.827949519015,-0.0003061850652970847,-7.584215755933673,0.021653355085783036,-0.23958765051945885,552464.3565396091,44407.56999999999,True,2023-04
mom_vn,1,10,10,7,0.3,-244.10087108482134,-0.00024410087108482138,-3.353366311640245,0.0019867202772884006,-0.006610531103462528,2329.678479504439,334.09999999999997,True,2023-05
mom_vn,6,6,6,6,0.6666666666666666,1360.8202235979848,0.002268033705996641,10.527540193721688,0.0041159399360798325,-0.0010090354459591714,1880.7926742490479,260.77,True,2023-05
mom_vn,12,4,4,3,0.25,1825.09778866961,0.004562744471674026,9.708905686550457,0.01197129227507511,-0.0010177282516795072,2804.3203912331387,178.42000000000002,False,2023-05
mom_vn,24,3,3,2,0.6666666666666666,-78.1128993949413,-0.00026037633131647105,-10.783961513766261,0.0006919279365106514,0.0,2593.577361043256,124.46,False,2023-05
unconditional,1,2640,206,31,0.21363636363636362,-129356.17942156468,-0.0004899855281119875,-23.89406052990933,0.033364295493850775,-1.290558614481062,1314958.4234131991,153924.13999999998,True,2023-05
unconditional,6,2391,172,31,0.2919280635717273,-49042.279966236165,-0.00020511200320466814,-4.315301649051332,0.0700396926110852,-0.5658653739416228,1177964.5368504913,142295.92,True,2023-05
unconditional,12,2124,146,31,0.3060263653483992,8176.564723622359,3.8496067437016656e-05,0.37802421618186305,0.1333017944335024,-0.48855215885982667,1027546.5251008187,128804.07999999999,True,2023-05
unconditional,24,1686,103,30,0.32680901542111507,-41841.302897657646,-0.0002481690563324891,-3.161943473248177,0.0842706367366409,-0.4825933332247888,760812.3153250915,100042.35,True,2023-05
mom_vn,1,6,6,4,0.16666666666666666,-49.650684119598,-8.275114019933006e-05,-0.9231944138114841,0.002568730307537141,-0.0029124734448235158,1938.6215462994487,120.4,False,2023-06
mom_vn,6,6,6,3,0.5,221.47950428126444,0.00036913250713544056,2.8685002722499715,0.004917040946377685,-0.0028591606000061567,2584.828728399265,111.21000000000001,False,2023-06
mom_vn,12,4,4,3,0.75,695.2062206332993,0.001738015551583248,7.880369855697193,0.005618135713250474,0.0,1794.5182158665302,70.09,False,2023-06
unconditional,1,2063,198,30,0.1851672321861367,-110455.2887983686,-0.0005354109975684373,-33.428883040515956,0.021042136196230698,-1.1101375951783177,1229264.0294895624,129802.62999999999,True,2023-06
unconditional,6,1857,181,30,0.23909531502423265,-101354.39217018016,-0.0005457964037166405,-19.973919160739044,0.032315022537648966,-1.0132204508775453,1083802.0700543404,117703.11,True,2023-06
unconditional,12,1573,146,30,0.23903369357914814,-76092.61134175587,-0.00048374196657187456,-9.033915242425556,0.05364035634804243,-0.8308742146179803,945392.3228359997,100083.62,True,2023-06
unconditional,24,1116,96,27,0.253584229390681,-59784.90374322824,-0.0005357070227887835,-8.820185062610603,0.04796191388146131,-0.6947726911546188,764602.3024554099,72424.14,True,2023-06
mom_vn,1,3,3,3,0.6666666666666666,2066.7752280311447,0.006889250760103816,10.826806916837512,0.0121567653303018,0.0,2789.6658559730517,167.93,False,2023-07
mom_vn,6,3,3,3,1.0,2291.706773062347,0.007639022576874491,16.074805998100064,0.009079009813752247,0.0,2789.6658559730517,169.05,False,2023-07
mom_vn,12,3,3,3,0.6666666666666666,2495.7053701853274,0.008319017900617757,14.221699667575724,0.011175500646536723,-0.00038700674830616667,2789.6658559730517,149.06,False,2023-07
mom_vn,24,1,1,1,0.0,-163.39419354838716,-0.0016339419354838717,,,0.0,3225.8064516129025,66.62,False,2023-07
unconditional,1,1689,160,31,0.17998815867377146,-87140.66736928847,-0.0005159305350461128,-24.995642645825686,0.021485294600260163,-0.8790741821931048,940448.6660198233,103859.42,True,2023-07
unconditional,6,1499,119,31,0.2274849899933289,-107943.33912331906,-0.0007201023290414881,-23.540526600662325,0.028259496063894263,-1.081289295396618,807038.7029933318,91305.06,True,2023-07
unconditional,12,1269,87,29,0.24980299448384555,-104058.34921007646,-0.0008200027518524544,-19.529524150724143,0.03510214894696,-1.0408441711676812,744798.5355888092,77294.72,True,2023-07
unconditional,24,939,59,27,0.27582534611288606,-71239.91594792409,-0.0007586785510961033,-16.8974016795946,0.029832258827794705,-0.706542920036771,630724.6200493468,57568.70999999999,True,2023-07
mom_vn,1,2,2,2,0.5,-8.633713527851427,-4.316856763925716e-05,-0.8939966450733475,0.0009225250802409661,-0.0006950689028748139,1343.94341290893,46.83,False,2023-08
mom_vn,6,2,2,2,1.0,107.04579133510163,0.0005352289566755081,13.881231402065879,0.0007366446508486484,0.0,1343.94341290893,42.910000000000004,False,2023-08
mom_vn,12,2,2,2,1.0,162.49669319186546,0.0008124834659593275,130.06989072265583,0.00011933949306539068,0.0,1343.94341290893,41.04,False,2023-08
mom_vn,24,1,1,1,1.0,10.0638461538461,0.000100638461538461,,,0.0,1538.4615384615383,36.09,False,2023-08
unconditional,1,1677,180,31,0.18783542039355994,-88448.37262589273,-0.000527420230327327,-28.816824792497634,0.018915963140344823,-0.8873189294757461,866862.6901335344,103602.09999999999,True,2023-08
unconditional,6,1429,132,31,0.28761371588523443,-51297.94883329412,-0.00035897794844852427,-17.056464402410896,0.01853513383447604,-0.5097572190676977,735912.2029109986,90378.12999999999,True,2023-08
unconditional,12,1176,113,31,0.35374149659863946,-12815.409955622788,-0.00010897457445257472,-3.20440211685961,0.024647349982534605,-0.18070066997670367,596971.3566380874,75653.93999999999,True,2023-08
unconditional,24,785,68,26,0.4140127388535032,-15215.434667056172,-0.00019382719321090665,-3.5239920188395564,0.031726526839127224,-0.2930147476443199,444775.32017002354,51104.38,True,2023-08
mom_vn,1,17,8,4,0.5294117647058824,527.5957894476231,0.00031035046438095484,10.889063547690903,0.0023141804986839386,0.0,6585.493040889723,510.19999999999993,False,2023-09
mom_vn,6,3,3,2,0.6666666666666666,1018.2205882352945,0.0033940686274509814,25.35965978478279,0.0038354373026083383,0.0,3443.6274509803925,170.75,False,2023-09
mom_vn,12,1,1,1,1.0,987.3166666666667,0.009873166666666667,,,0.0,3333.3333333333335,79.35,False,2023-09
rev_vn,1,6,2,1,0.5,186.06285714285724,0.00031010476190476184,,,0.0,212468.67167919799,421.08000000000004,False,2023-09
unconditional,1,1864,185,30,0.21888412017167383,-76933.55930265864,-0.0004127336872460227,-21.60909962862552,0.022672756878038127,-0.7691516718393608,1126879.7139256683,107976.14,True,2023-09
unconditional,6,1649,153,30,0.2644026682838084,-58331.23993278698,-0.0003537370523516494,-10.932097470067612,0.033979962131543355,-0.5815057259990577,992590.8574265034,95503.94999999998,True,2023-09
unconditional,12,1402,130,30,0.29743223965763194,-30418.203594821647,-0.00021696293576905598,-4.520450893485144,0.04285258096225047,-0.474385433172091,854542.4250806312,82505.19999999998,True,2023-09
unconditional,24,998,79,29,0.32064128256513025,45056.19427082708,0.00045146487245317703,3.9134397680412856,0.07584802663364615,-0.2909156806303681,675109.0261438903,62042.979999999996,True,2023-09
mom_vn,1,11,10,7,0.45454545454545453,100.4469014587859,9.131536496253264e-05,4.000889296945832,0.0006852174302137515,-0.000722199718141872,2841.6408398137364,397.71999999999997,True,2023-10
mom_vn,6,10,9,6,0.2,-817.5870649877916,-0.0008175870649877916,-10.01246832702129,0.002600087949390445,-0.00440538869971162,2936.459767661481,301.78000000000003,True,2023-10
mom_vn,12,10,9,7,0.5,-810.0932881411456,-0.0008100932881411454,-9.744976496640264,0.0022688335214338584,-0.006349162190046878,2516.965515138412,304.93,True,2023-10
mom_vn,24,5,4,3,0.6,-129.8493704916886,-0.0002596987409833771,-8.91619185029715,0.0009274395697277807,-0.0014601002552627929,2676.7678609104173,146.47000000000003,False,2023-10
unconditional,1,1872,166,31,0.20619658119658119,-70103.59716698194,-0.0003744850276013993,-18.638742145380437,0.02317973364932858,-0.7189406050679721,1185095.8018288491,121200.10999999999,True,2023-10
unconditional,6,1660,135,31,0.25421686746987954,-54825.628283700455,-0.0003302748691789183,-8.644785523573656,0.039085361465414116,-0.732214044478442,1031957.8303077322,108157.45999999999,True,2023-10
unconditional,12,1452,107,31,0.2830578512396694,-20874.57726057196,-0.0001437643062022863,-1.9984147636367275,0.06437493419379152,-0.618119805913662,896416.9662633238,95824.03,True,2023-10
unconditional,24,1101,62,29,0.2688465031789282,-70466.94657387814,-0.0006400267627055238,-10.605090218308257,0.04377433127419259,-0.862411195090707,731757.0133026766,72193.37,True,2023-10
mom_vn,1,10,7,6,0.1,-866.8781125701578,-0.0008668781125701578,-15.449884403552597,0.0017866026970017237,-0.007052953369139268,2085.6809454799977,194.75,True,2023-11
mom_vn,6,9,6,7,0.1111111111111111,-805.9407057313124,-0.0008954896730347914,-13.971139896383287,0.0015744165347243285,-0.007744681254478429,1589.3138262844423,152.08,True,2023-11
mom_vn,12,7,4,4,0.5714285714285714,188.71337121528825,0.00026959053030755465,6.147197287039463,0.001466263293007955,-0.0014053789157858463,2082.2860381030373,83.57000000000001,False,2023-11
mom_vn,24,2,1,1,0.5,-2.040476190476202,-1.0202380952381018e-05,,,0.0,2380.952380952381,25.85,False,2023-11
unconditional,1,1849,197,30,0.17847485127095727,-94690.4952245618,-0.0005121173349083927,-18.044097418702354,0.03341922715170691,-0.9439647903514914,1066749.8435232348,106916.32999999999,True,2023-11
unconditional,6,1454,147,30,0.2310866574965612,-124386.23728297812,-0.0008554761848898083,-12.436637035998773,0.06369341700372746,-1.2597489255675198,782722.5378696171,83227.04999999999,True,2023-11
unconditional,12,1066,114,29,0.2401500938086304,-117910.67107259548,-0.0011061038562157177,-12.276901326547206,0.06327217739250247,-1.2056571672065326,568343.8820394571,61688.99,True,2023-11
unconditional,24,551,55,25,0.25045372050816694,-100317.6893057582,-0.0018206477187977898,-17.494591174184496,0.04382078424208664,-1.0445179058376062,322749.1816537928,32920.89,True,2023-11
mom_vn,1,17,15,9,0.29411764705882354,-1107.9207392737596,-0.0006517180819257411,-13.776153592288095,0.0017072009300988374,-0.0072796208575020265,2703.848027183193,472.4,True,2023-12
mom_vn,6,11,9,7,0.36363636363636365,-357.70844161606885,-0.0003251894923782445,-11.894554167539003,0.0008207850038072712,-0.0037644470226300022,2237.387134475802,325.19,True,2023-12
mom_vn,12,9,7,7,0.4444444444444444,-499.3402938094817,-0.0005548225486772018,-6.585367178024659,0.0020694979946346615,-0.00734849388085567,1856.1636612758127,282.04,True,2023-12
mom_vn,24,8,6,5,0.375,-1360.747015227201,-0.001700933769034001,-13.309538081651684,0.003906527043052523,-0.006924896708033979,2335.4712310492955,246.38,True,2023-12
unconditional,1,1556,225,31,0.2422879177377892,-59819.09977420598,-0.0003844415152583932,-15.506817118843767,0.023773982919957214,-0.580540272649567,704651.2805846353,87259.37,True,2023-12
unconditional,6,1168,167,31,0.3715753424657534,-51370.827671858235,-0.0004398187300672794,-10.363334471098954,0.03054933679147403,-0.4793640321002071,417517.0779814682,65608.81999999999,True,2023-12
unconditional,12,814,105,30,0.4152334152334152,-45781.58895639278,-0.0005624273827566679,-7.520627460223363,0.03876697937443336,-0.46201340351863807,246657.95241746164,45562.39,True,2023-12
unconditional,24,472,48,27,0.5635593220338984,12185.024533352971,0.00025815729943544423,2.1999944739362762,0.03919110296072252,-0.12327803034911591,108720.37161815354,27376.43,True,2023-12
mom_vn,1,7,6,6,0.5714285714285714,3196.9887229333813,0.004567126747047688,7.0754948150219175,0.014387305620256913,-0.0013654311501454584,3760.1933952865634,481.69,True,2024-01
mom_vn,6,6,5,5,0.5,4014.8576800218416,0.00669142946670307,7.905451563989976,0.019405279421561884,-0.0016172028120882203,4308.150441690815,465.62999999999994,True,2024-01
mom_vn,12,5,4,4,0.8,2577.1934079791845,0.005154386815958369,12.009579551589926,0.010249570085601465,-0.0001170111661499882,4874.983970480865,385.91,False,2024-01
mom_vn,24,4,3,3,0.5,2884.4188770649635,0.0072110471926624085,9.497860068780192,0.019340056557093616,-0.001140880265373128,6159.84257288605,394.82,False,2024-01
unconditional,1,1731,276,31,0.267475447718082,-52058.77941833408,-0.0003007439596668635,-12.776892650541454,0.025110390914268987,-0.5280840106589056,714583.5113976137,96036.59,True,2024-01
unconditional,6,1377,216,31,0.3100944081336238,-49343.76212855763,-0.0003583424991180655,-7.572428624478267,0.040158899989166025,-0.4901000166108028,476821.811806346,76023.02,True,2024-01
unconditional,12,1032,152,31,0.35658914728682173,-29501.37140934619,-0.00028586600202854835,-4.735544266751745,0.03839344149193354,-0.29251206344747016,289829.85492453363,56518.95,True,2024-01
unconditional,24,602,82,29,0.4053156146179402,-32319.180921789637,-0.0005368634704616221,-8.379548506428625,0.025409034374925702,-0.3210474588254732,118637.07781633336,31792.04,True,2024-01
mom_vn,1,17,17,13,0.35294117647058826,-1136.1984370043808,-0.0006683520217672827,-7.184291416146049,0.0023241990917896153,-0.014614680092428209,2106.526899614772,610.01,True,2024-02
mom_vn,6,15,15,11,0.3333333333333333,-1467.1054205132143,-0.0009780702803421427,-7.38276929479261,0.0034514037882655154,-0.01683249244425038,2247.616842656521,525.5600000000001,True,2024-02
mom_vn,12,13,13,11,0.5384615384615384,-1864.2697291256923,-0.001434053637788994,-6.776516784140412,0.004778108161088307,-0.015456791485540305,1952.5146580194526,405.63999999999993,True,2024-02
mom_vn,24,10,10,8,0.4,-2227.051025195583,-0.0022270510251955825,-6.666151673190365,0.007978319460127255,-0.024405697035986725,1953.1735638676566,295.5799999999999,True,2024-02
unconditional,1,1752,275,29,0.2654109589041096,-44156.21803587393,-0.00025203320796731696,-12.635664651646877,0.023021955609911552,-0.45429243892875254,651033.2049088512,90266.50999999998,True,2024-02
unconditional,6,1429,221,29,0.3624912526242127,-10475.453328433616,-7.330618144460194e-05,-1.3299814140311728,0.05188904630922249,-0.17319534486901164,436511.7733303627,73770.56999999999,True,2024-02
unconditional,12,1100,160,29,0.40454545454545454,44281.067851190965,0.00040255516228355424,3.273941657521509,0.08910366831365028,-0.11913905398994831,286966.1292812916,56433.69,True,2024-02
unconditional,24,703,83,27,0.422475106685633,-922.6695433971045,-1.3124744571793787e-05,-0.14871615949781578,0.0439006238339063,-0.20249742236723703,149800.51236059362,34014.600000000006,True,2024-02
mom_vn,1,42,25,16,0.30952380952380953,22193.794947895913,0.00528423689235617,4.233647171777008,0.06259553523193138,-0.025206860123744994,7407.196237833946,1731.2800000000002,True,2024-03
mom_vn,6,37,21,15,0.43243243243243246,24397.436728259698,0.006593901818448566,4.47736647779265,0.06940275815152856,-0.026125225101051964,7275.67517201964,1473.65,True,2024-03
mom_vn,12,31,18,14,0.41935483870967744,-1828.1591903500866,-0.0005897287710806731,-5.297081354629585,0.004709727321268367,-0.02048131949236064,4890.886455679621,1099.7699999999998,True,2024-03
mom_vn,24,16,11,9,0.3125,-2331.430367407794,-0.0014571439796298713,-10.110496044568427,0.004895013660533638,-0.01918109809356242,4082.1396151420986,635.25,True,2024-03
rev_vn,1,3,1,3,0.3333333333333333,-234.7343956043956,-0.0007824479853479854,-13.298269829938674,0.0011241047114936796,-0.0010731761954829704,3805.8608058608056,209.13,False,2024-03
rev_vn,6,3,1,2,0.3333333333333333,-312.24406593406604,-0.0010408135531135532,-40.767141086876606,0.0007316449405745596,-0.001046043506915714,5708.791208791208,206.31,False,2024-03
rev_vn,12,3,1,3,0.0,-723.4779120879125,-0.002411593040293042,-59.39510718142365,0.0007757107029368667,-0.0051669475618827095,3805.8608058608056,191.39,False,2024-03
rev_vn,24,1,1,1,0.0,-345.71428571428595,-0.0034571428571428596,,,0.0,3571.428571428571,60.0,False,2024-03
unconditional,1,2073,345,31,0.27496382054992763,-15922.8202960477,-7.68105175882668e-05,-2.523208575017354,0.03889122118240505,-0.18436434229607604,782730.8685554416,112960.84,True,2024-03
unconditional,6,1729,267,31,0.37709658762290343,6093.413643740656,3.524241552192396e-05,0.5641327607095595,0.0665677806503662,-0.2519201185542602,549426.1639534413,93082.96,True,2024-03
unconditional,12,1397,219,31,0.39871152469577664,-3125.734052136042,-2.2374617409706815e-05,-0.36149851736873423,0.05328810077837623,-0.21006262725985736,381745.370309838,74644.95000000001,True,2024-03
unconditional,24,923,139,29,0.38678223185265437,-41911.54806408009,-0.00045407961066175605,-9.42389790922084,0.029298916771581435,-0.5001635159472263,182558.6034440427,48094.96000000001,True,2024-03
mom_vn,1,34,23,16,0.4411764705882353,-1254.3496833955305,-0.00036892637746927366,-8.287146423739738,0.0018073408375015693,-0.015178754795829719,3313.8683200634746,968.4700000000001,True,2024-04
mom_vn,6,31,20,15,0.45161290322580644,-1401.4337203574178,-0.0004520753936636832,-5.030010304041621,0.003548614815866937,-0.01501559546521711,3266.6677832397168,853.44,True,2024-04
mom_vn,12,29,19,14,0.41379310344827586,-3600.0445280914496,-0.0012413946648591203,-8.05467480995564,0.0060992755989651825,-0.03315338775695115,3265.5134618405327,788.2099999999999,True,2024-04
mom_vn,24,19,14,11,0.47368421052631576,-470.16123265763395,-0.00024745328034612296,-1.22468933056908,0.006667678163853701,-0.022791915489369364,2783.159228483578,539.9399999999999,True,2024-04
unconditional,1,2200,324,30,0.30818181818181817,-52072.17505931808,-0.0002366917048150822,-9.057133058624846,0.036613407399781014,-0.5801655692546767,711465.4910571357,114100.65,True,2024-04
unconditional,6,1850,258,30,0.3935135135135135,-17616.778106473525,-9.522582760255953e-05,-2.4741137148525016,0.045345271335694534,-0.2969206920599928,494293.291595851,94444.19,True,2024-04
unconditional,12,1481,195,30,0.40445644834571237,-65913.29366022345,-0.00044505937650387217,-6.832354454775335,0.06143668899497201,-0.7441783447204215,332531.60281217063,72137.28,True,2024-04
unconditional,24,999,116,28,0.42742742742742745,-22598.702427172924,-0.00022621323750923842,-2.467690438391226,0.06248578441341598,-0.3582625838423489,199230.12129697876,46636.24,True,2024-04
mom_vn,1,72,42,20,0.2777777777777778,-3094.596671361238,-0.0004298050932446164,-9.023692071805835,0.0032759421488412046,-0.03559785972960563,5049.946880009809,1819.1,True,2024-05
mom_vn,6,63,35,18,0.4603174603174603,-2527.0896619923724,-0.0004011253431733926,-6.659805833628843,0.004027476460035803,-0.028086405438601834,5017.650819184891,1661.5599999999997,True,2024-05
mom_vn,12,57,30,15,0.45614035087719296,-3049.112924380404,-0.0005349320919965622,-4.586297227792367,0.008467719924973085,-0.035265532092770537,5531.68779649938,1534.02,True,2024-05
mom_vn,24,37,18,11,0.5675675675675675,644.4061713761141,0.00017416383010165242,1.0078554241522122,0.01110491402439226,-0.026365225534582912,5007.474523026643,975.4300000000002,True,2024-05
rev_vn,1,5,3,3,1.0,5836.6611111111115,0.011673322222222223,43.80830677876825,0.00848463546116921,0.0,30774.41077441076,574.45,False,2024-05
rev_vn,6,4,2,3,0.5,3685.230909090909,0.009213077272727271,7.6393809642883115,0.030720742945580134,-0.010158308359613897,14107.744107744105,423.86,False,2024-05
rev_vn,12,4,2,2,0.5,-375.56989898989923,-0.0009389247474747473,-2.490906925453372,0.014402892320157233,0.0,21161.61616161616,276.58000000000004,False,2024-05
rev_vn,24,4,2,2,0.25,-2316.2910101010098,-0.0057907275252525245,-12.858069648949451,0.017208134199222524,0.0,21161.61616161616,206.19,False,2024-05
unconditional,1,2366,370,31,0.3064243448858833,28663.543166162566,0.0001211476887834428,3.008464553310238,0.058717791576130426,-0.2272598580904154,881524.979832014,132113.21,True,2024-05
unconditional,6,1994,287,31,0.39317953861584753,70596.06001454598,0.0003540424273547941,5.5909542540594375,0.07781785636734809,-0.19986251972238228,640661.2406396392,108770.86000000002,True,2024-05
unconditional,12,1654,212,31,0.41233373639661425,78088.35316883659,0.0004721182174657595,3.6789131519383242,0.130813169009143,-0.39323918004462083,441130.6106594731,89111.07,True,2024-05
unconditional,24,1146,134,30,0.41535776614310643,99587.7999432409,0.0008690034899061158,3.620216203176491,0.17518495578228466,-0.5055567622966352,264228.13390115154,61035.399999999994,True,2024-05
mom_vn,1,62,28,15,0.41935483870967744,-1338.7741534362633,-0.00021593131507036505,-4.843656274213054,0.003520377010006636,-0.01806420839338514,6011.588763337591,1579.1599999999999,True,2024-06
mom_vn,6,54,23,16,0.5555555555555556,-3036.0559601807713,-0.0005622325852186613,-3.7443935123964307,0.009681769471416636,-0.04417201793541014,5109.739927691159,1425.85,True,2024-06
mom_vn,12,46,19,9,0.6304347826086957,2174.2926283626384,0.00047267231051361714,4.642698723636368,0.00994148849173811,-0.019133041767496018,7589.955225649693,1228.1200000000003,True,2024-06
mom_vn,24,29,11,9,0.5862068965517241,-1200.765398887247,-0.0004140570340990508,-2.3656150597163315,0.010775018173831674,-0.02961978356356703,4945.769356556249,769.0400000000001,True,2024-06
rev_vn,1,1,1,1,0.0,-216.85391304347817,-0.0021685391304347816,,,0.0,2173.913043478261,64.68,False,2024-06
rev_vn,6,1,1,1,1.0,81.40391304347838,0.0008140391304347839,,,0.0,2173.913043478261,70.77000000000001,False,2024-06
rev_vn,12,1,1,1,0.0,-258.8121739130434,-0.002588121739130434,,,0.0,2173.913043478261,63.16,False,2024-06
rev_vn,24,1,1,1,1.0,531.4065217391305,0.005314065217391305,,,0.0,2173.913043478261,55.55,False,2024-06
unconditional,1,2481,387,30,0.30995566303909716,-14471.45803758033,-5.832913356541848e-05,-1.7275645487473956,0.053346162531709526,-0.3438183005067063,879638.4640552159,131847.71000000002,True,2024-06
unconditional,6,2091,304,30,0.38546150167384025,-4476.145330884796,-2.1406720855498795e-05,-0.38426149952486915,0.07418267384550056,-0.317565031302351,626799.5138761902,110119.87999999999,True,2024-06
unconditional,12,1616,235,30,0.4040841584158416,51808.62903751031,0.00032059795196479144,2.7943476045111306,0.11807198054309816,-0.22036802833426003,433719.7254938062,86069.23999999999,True,2024-06
unconditional,24,1040,140,29,0.3894230769230769,7883.776101747702,7.580553943988176e-05,0.4756851044798315,0.10918504665022029,-0.36539393460257213,217678.81018390154,55250.229999999996,True,2024-06
mom_vn,1,41,20,15,0.2926829268292683,-2849.3186050792247,-0.0006949557573363962,-13.116148027795045,0.002766877155315523,-0.024786088354119187,4521.147116717903,1188.6699999999998,True,2024-07
mom_vn,6,40,19,13,0.3,-4747.18209011892,-0.00118679552252973,-11.956002880703794,0.0058351625597836045,-0.0521032318611894,5119.337228150647,1128.0800000000002,True,2024-07
mom_vn,12,35,15,14,0.42857142857142855,-4149.541767649551,-0.0011855833621855858,-5.135826704671224,0.011025750883561928,-0.04672722451621124,3900.3033818576455,850.1899999999999,True,2024-07
mom_vn,24,27,13,12,0.5555555555555556,-3368.937927046551,-0.0012477547877950187,-5.875795471573858,0.009128334060512057,-0.04860336294995891,3555.3110093597443,697.0500000000001,True,2024-07
unconditional,1,2483,358,31,0.30245670559806687,-52058.341786850906,-0.00020965904867841685,-7.613654800117861,0.04213877309529286,-0.4981658895430042,859170.7181001676,131808.44999999998,True,2024-07
unconditional,6,2182,277,31,0.35884509624197986,-39666.661685001796,-0.00018179038352429797,-4.362892527686615,0.05603196788683299,-0.5555972254476171,689090.6596675726,114495.16999999998,True,2024-07
unconditional,12,1860,208,31,0.3564516129032258,-21086.833485770563,-0.00011337007250414268,-1.4798199708822868,0.08781874430426546,-0.5155327930375304,563543.0030125933,96367.92,True,2024-07
unconditional,24,1436,135,29,0.3683844011142061,-73998.41704376304,-0.0005153093108897148,-5.123847880687323,0.09514251691304834,-0.794239233494554,445095.06731392717,72524.29000000001,True,2024-07
mom_vn,1,52,31,16,0.36538461538461536,-4092.8918461062462,-0.0007870945857896626,-12.962899906794782,0.00377011459088995,-0.037234735573847794,4963.118691759926,1149.82,True,2024-08
mom_vn,6,46,27,17,0.45652173913043476,-4697.79350178355,-0.0010212594569094673,-8.5594500758905,0.006168017120077229,-0.0444976620834943,4224.1345792869315,955.2100000000002,True,2024-08
mom_vn,12,33,18,9,0.5151515151515151,-2058.5118128624545,-0.0006237914584431678,-5.342172881310393,0.008179737146492732,-0.031113526864872468,5616.46704506279,788.02,True,2024-08
mom_vn,24,16,12,7,0.625,-1338.3511564290545,-0.0008364694727681592,-5.8675044107127015,0.00622536824417259,-0.018467678018816602,3086.592002624527,352.71000000000004,True,2024-08
rev_vn,1,3,3,2,0.6666666666666666,1928.587972027972,0.006428626573426573,11.514916599317388,0.01599908308173267,0.0,10391.608391608392,203.44,False,2024-08
rev_vn,6,2,2,1,0.5,1128.645314685315,0.005643226573426575,,,0.0,16783.216783216783,186.04,False,2024-08
rev_vn,12,2,2,1,0.0,-1482.9183916083916,-0.007414591958041957,,,0.0,16783.216783216783,91.31,False,2024-08
rev_vn,24,2,2,1,0.0,-1118.516013986014,-0.00559258006993007,,,0.0,16783.216783216783,104.53,False,2024-08
unconditional,1,2503,345,31,0.3188174190970835,10862.832065616294,4.3399249163469034e-05,0.9661392397414359,0.0692927955150194,-0.3280981507550828,889513.5159932913,135281.46999999997,True,2024-08
unconditional,6,2169,270,31,0.39188566159520516,117564.64533674199,0.0005420223390352326,4.599417072405998,0.15752833527593613,-0.29871706033591194,677135.1351116016,117135.23999999999,True,2024-08
unconditional,12,1817,190,30,0.41001651073197576,15653.385973815564,8.614962010905648e-05,1.233965223356209,0.08078496688561915,-0.28284052570201196,535857.0960746803,96698.9,True,2024-08
unconditional,24,1351,115,28,0.41302738712065135,-28780.805100886446,-0.0002130333464166281,-4.092125474741544,0.047989077069060006,-0.39214723350072117,416305.77957765746,72282.75,True,2024-08
mom_vn,1,12,8,7,0.4166666666666667,-278.1305140484311,-0.00023177542837369248,-3.621613257761838,0.0020960177656142633,-0.00637036475656426,3098.1536853160364,398.07000000000005,True,2024-09
mom_vn,6,11,8,8,0.5454545454545454,2425.246317712154,0.0022047693797383216,7.938487843388596,0.007295826792777973,-0.002300400549492216,2584.6218483889056,445.99,True,2024-09
mom_vn,12,10,8,6,0.3,1744.8319119117248,0.0017448319119117248,7.365901606837083,0.0075426310428895705,-0.0040231143979933435,3277.8122961683725,435.31000000000006,True,2024-09
mom_vn,24,8,6,4,0.125,-626.8546225149157,-0.0007835682781436445,-2.5820750634642224,0.011595364632252445,-0.013828478290313577,3916.3373466915828,366.55,False,2024-09
unconditional,1,2142,317,30,0.2801120448179272,-22781.817245913317,-0.00010635769022368494,-4.091007602163471,0.03546363550472152,-0.3719398890574906,965276.5141296339,122537.16999999998,True,2024-09
unconditional,6,1886,244,30,0.32873806998939553,-45276.79882772187,-0.00024006786228908728,-5.463103739836068,0.052779034789648314,-0.5622518232124408,802350.7485074644,106681.81,True,2024-09
unconditional,12,1621,183,30,0.3429981492905614,3616.3575817936653,2.230942370014593e-05,0.26512812401746805,0.08686418418234945,-0.3308823472950476,649620.5803441288,92190.48000000001,True,2024-09
unconditional,24,1190,108,27,0.3445378151260504,22051.650066896626,0.0001853079837554338,1.5758711802419092,0.0990154685758554,-0.30884241375479743,469286.82374932204,66113.48,True,2024-09
mom_vn,1,25,15,12,0.52,140.81983838857653,5.632793535543066e-05,0.9913533708941652,0.002261520558532525,-0.008981901856578333,2811.7787758196796,543.23,True,2024-10
mom_vn,6,25,15,14,0.52,207.9872951810148,8.319491807240583e-05,0.6424415121606676,0.004417958255302571,-0.01894139480449445,2410.0960935597254,475.50999999999993,True,2024-10
mom_vn,12,21,15,10,0.8571428571428571,2615.2157413062946,0.0012453408291934736,6.47001707803401,0.007722333029525922,-0.008577649014176687,2905.763109123822,371.58,True,2024-10
mom_vn,24,4,4,4,0.75,1373.4909375244347,0.003433727343811087,10.752781859652647,0.006100864841158795,-0.0008514967243549243,1814.2544374071467,159.6,False,2024-10
unconditional,1,25054,833,31,0.1546260078231021,-1027858.5390867435,-0.0004102572599531986,-18.947672648876225,0.33431988873538354,-8.412180720031397,11607057.02292616,1579224.73,True,2024-10
unconditional,6,23660,693,31,0.20617075232459847,-845513.5571183448,-0.0003573599142512023,-17.200188515575242,0.30295080239177447,-6.392885661600494,10699363.121905396,1495451.6699999997,True,2024-10
unconditional,12,22112,594,31,0.24588458755426917,-585383.7898864386,-0.000264735794992058,-11.64641605611623,0.3097655591298311,-3.523891204810055,9788300.547538621,1405217.25,True,2024-10
unconditional,24,19684,455,30,0.29160739687055476,-257606.24185293738,-0.0001308708808438008,-6.15736489935706,0.26643217353736576,-1.63525585075756,8664508.104989689,1258411.8599999999,True,2024-10
mom_vn,1,1364,363,30,0.3775659824046921,4310.50517732543,3.1601944115289085e-05,0.8815113426476581,0.031140490124676887,-0.11928086149532566,117926.47819575555,39042.17,True,2024-11
mom_vn,6,1346,348,29,0.43833580980683506,-36883.99774467555,-0.00027402672915806506,-5.447984804623381,0.044601609760169636,-0.3673071798218244,116728.84638064852,36372.03,True,2024-11
mom_vn,12,1316,333,27,0.4338905775075988,-62468.722494941336,-0.0004746863411469706,-8.036710639589941,0.05500054092218463,-0.6570209121809572,122845.4078281478,34508.08,True,2024-11
mom_vn,24,1247,290,27,0.47794707297514033,-51548.675668933545,-0.00041338152100187293,-4.687738360094625,0.07781025100795586,-0.5250505962254339,99920.77849089082,30863.96,True,2024-11
rev_vn,1,444,80,13,0.34234234234234234,81826.76922475582,0.0018429452528098164,7.081613476671173,0.16981117435024454,-0.021064324326058488,878527.1512334776,32403.100000000002,True,2024-11
rev_vn,6,437,80,14,0.37986270022883295,144583.18594791472,0.0033085397242085756,5.97514054105643,0.33020835840534357,-0.04445418215087824,765775.211859658,29755.94,True,2024-11
rev_vn,12,430,76,14,0.3767441860465116,147768.86115275862,0.0034364851430874104,7.002713863928711,0.287961841163386,-0.07015594558944885,741696.0802069969,28811.06,True,2024-11
rev_vn,24,413,69,13,0.4213075060532688,169609.9029601469,0.004106777311383702,5.37289660594002,0.46392289125442476,-0.06827838177973737,758186.3215492485,26926.55,True,2024-11
unconditional,1,70007,2384,30,0.24488979673461225,662531.9404982642,9.463795627555303e-05,1.777841419634846,2.373225345204842,-0.20049285839059952,48380723.150563195,3971762.88,True,2024-11
unconditional,6,68086,2208,30,0.2998560643891549,1886627.1551471236,0.0002770947265439479,4.5307513124727254,2.6518016331510856,-10.105844733627848,45494229.84243873,3801453.29,True,2024-11
unconditional,12,64857,2030,30,0.3203200888107683,2420963.31046222,0.0003732771035450636,8.249395503587902,1.8689223585258061,-1.671993710964823,41599324.25565453,3539460.9699999997,True,2024-11
unconditional,24,57084,1507,29,0.33885151706257444,1907258.6283451528,0.0003341143977901256,5.489062763648902,2.289073965272797,-0.2213020641152761,36006923.87209267,3037360.65,True,2024-11
mom_vn,1,134,80,27,0.27611940298507465,-9651.682361874404,-0.0007202748031249555,-11.994687375639106,0.005693728516760464,-0.09824810549644644,7997.826988870095,3522.69,True,2024-12
mom_vn,6,127,74,30,0.4251968503937008,-4571.780391450771,-0.0003599827079882494,-4.430302721796494,0.0065716910125086375,-0.06450319247459033,6911.403967254331,3428.3500000000004,True,2024-12
mom_vn,12,114,70,26,0.4649122807017544,-5166.467898679555,-0.00045319893848066274,-4.336562335426647,0.008754295983484916,-0.06934337134577384,7338.952621072215,3189.68,True,2024-12
mom_vn,24,82,50,23,0.5121951219512195,958.7804089895831,0.00011692444012068068,0.9676873192802956,0.008230054242892597,-0.026394054606391798,5789.673099966644,2527.83,True,2024-12
rev_vn,1,2,2,2,0.5,465.4758536585366,0.002327379268292683,10.92701365138994,0.004069228785310685,0.0,2112.369337979094,119.89,False,2024-12
rev_vn,6,2,2,2,1.0,236.4714982578397,0.0011823574912891985,16.08420509477023,0.001404415575448278,0.0,2112.369337979094,127.64,False,2024-12
rev_vn,12,2,2,2,1.0,179.21790940766545,0.0008960895470383272,23.189179579783776,0.0007382653059912643,0.0,2112.369337979094,129.57999999999998,False,2024-12
rev_vn,24,2,2,2,1.0,344.20557491289196,0.0017210278745644599,13.543995247289027,0.0024276582187058677,0.0,2112.369337979094,124.0,False,2024-12
unconditional,1,24093,2246,31,0.27804756568297845,-9798.889651467907,-4.067110634403326e-06,-0.2987562055314872,0.20213646689436898,-0.8488935091436892,11632375.169799104,1299637.7,True,2024-12
unconditional,6,22411,1908,31,0.331355138101825,781718.0400981909,0.0003488099772871317,12.489635053939278,0.3857315162283083,-0.11591732831944875,9756861.960482761,1186853.3299999998,True,2024-12
unconditional,12,19956,1623,31,0.34019843656043297,1120369.314925196,0.0005614197809807557,14.511367133191298,0.47581443613815344,-0.13807266392021628,7926675.169290873,1018172.32,True,2024-12
unconditional,24,15087,957,30,0.3331344866441307,-31493.924080272365,-2.0874875111203212e-05,-0.5948197008995361,0.3371837291226025,-1.1018062890011664,5780016.224678485,747529.99,True,2024-12
mom_vn,1,204,113,31,0.35784313725490197,-1295.3882028653165,-6.349942170908415e-05,-0.7639296224197948,0.010450361774615939,-0.04981537716060227,10210.803865808688,5105.14,True,2025-01
mom_vn,6,195,105,31,0.40512820512820513,-2387.1289759874344,-0.00012241687056345816,-1.2430739003571183,0.011834874986583206,-0.07324542197600721,9636.609801433477,4694.64,True,2025-01
mom_vn,12,170,91,29,0.4411764705882353,-1344.00815846514,-7.905930343912592e-05,-0.9732756431439687,0.009097341218630943,-0.03448977578258464,9152.563911543439,4445.42,True,2025-01
mom_vn,24,145,73,27,0.42758620689655175,-1646.015723484637,-0.00011351832575756102,-1.217482388203027,0.009566519476086773,-0.0378604248212088,8618.27338339519,3542.4399999999996,True,2025-01
rev_vn,1,10,6,5,0.4,2135.103691014868,0.0021351036910148683,9.860548716513678,0.008273596107971683,-0.0029371193108838163,28697.949109713816,802.9699999999999,True,2025-01
rev_vn,6,10,6,5,0.3,773.66322853617,0.0007736632285361702,1.3844570055702512,0.021352508843314424,-0.023430318361469214,28697.949109713816,622.52,True,2025-01
rev_vn,12,9,5,4,0.5555555555555556,4984.574606569901,0.005538416229522112,25.157945338034327,0.009463229495241626,0.0,33789.10305380894,833.76,False,2025-01
rev_vn,24,6,4,4,0.8333333333333334,5953.16148087207,0.00992193580145345,27.47323919434021,0.01034961600188858,0.0,21884.34114904703,651.24,False,2025-01
unconditional,1,27224,2227,31,0.277953276520717,-107973.69136814316,-3.966121487222421e-05,-2.7695401663358177,0.24026749443344836,-1.0758688494862272,11080986.784354715,1495143.3199999998,True,2025-01
unconditional,6,25707,1931,31,0.33932391955498503,553338.3132721037,0.0002152481087921981,9.903215541516502,0.3443493351515765,-0.0863438054687183,9685883.512770547,1393693.2,True,2025-01
unconditional,12,23355,1702,31,0.35380004281738386,630547.5201256482,0.0002699839520983293,11.967386065040408,0.3247156787893284,-0.14804803325596155,8148871.644554086,1237522.94,True,2025-01
unconditional,24,18382,1074,30,0.36475900337286477,361060.76106936636,0.00019642082530158114,4.747647428141308,0.48431398631404715,-0.4050899822989792,5961181.765300605,976203.3799999999,True,2025-01
mom_vn,1,157,92,26,0.3821656050955414,209.16512152217456,1.3322619205233988e-05,0.3068170466690836,0.0050093671821619876,-0.027980977419345604,9506.66005664874,4071.95,True,2025-02
mom_vn,6,146,85,25,0.3835616438356164,1018.2115839080816,6.974051944575902e-05,0.6317793872150511,0.012316264436750964,-0.036809568246762556,9266.79758982071,3825.2699999999995,True,2025-02
mom_vn,12,122,74,25,0.3524590163934426,-3594.349642401708,-0.0002946188231476809,-2.529408402506305,0.010859448941494685,-0.047313393887614894,8156.924598616644,3493.0099999999998,True,2025-02
mom_vn,24,83,54,23,0.42168674698795183,-4775.588808468141,-0.0005753721455985712,-5.029585485975542,0.007887027005794153,-0.043894206254847246,6178.808933563851,2628.3,True,2025-02
rev_vn,1,1,1,1,0.0,-320.1992592592593,-0.003201992592592593,,,0.0,3703.7037037037035,60.94,False,2025-02
rev_vn,6,1,1,1,0.0,-212.9781481481482,-0.0021297814814814817,,,0.0,3703.7037037037035,64.83,False,2025-02
unconditional,1,27322,2199,28,0.2599004465266086,-490678.6516830586,-0.0001795910444634575,-21.411840033530286,0.15636212860077212,-3.9594896926574132,12364822.703423811,1549869.88,True,2025-02
unconditional,6,25847,1920,28,0.3212751963477386,162386.1829095377,6.282593063393723e-05,3.5011351334447243,0.31646712424855344,-0.46049868555719564,10808257.55569602,1448424.83,True,2025-02
unconditional,12,23591,1669,28,0.340723157136196,218837.84059901594,9.276327438388198e-05,3.6799611001647827,0.4057584694530621,-0.46830371335291454,9088105.901291294,1296673.71,True,2025-02
unconditional,24,18745,1136,27,0.35641504401173646,-240832.7386493156,-0.0001284783881831505,-4.387614514383735,0.3883915099823095,-1.589015788171139,6612337.757658499,1028867.04,True,2025-02
mom_vn,1,136,88,28,0.3235294117647059,-623.3120110335169,-4.583176551717032e-05,-0.5151955922853533,0.00825508896072255,-0.05362264325567219,13242.252629693498,3319.9799999999996,True,2025-03
mom_vn,6,119,76,26,0.3949579831932773,-4093.640703064405,-0.00034400342042558015,-4.378651889699116,0.006869773003935326,-0.05172952822893674,12540.549219517772,2639.3,True,2025-03
mom_vn,12,103,67,24,0.33980582524271846,-5845.239810427987,-0.0005674990107211636,-6.504448925298667,0.0071536389336183314,-0.05885025142804625,12140.555918396296,2320.8900000000003,True,2025-03
mom_vn,24,84,51,21,0.5119047619047619,-1743.5693332941917,-0.00020756777777311818,-1.6951546590660271,0.009357439582391335,-0.03983394122093257,11545.575305042323,1767.01,True,2025-03
rev_vn,1,4,4,3,0.25,-4.355714285713788,-1.0889285714284571e-05,-0.23356181914675436,0.0011876342473060284,-0.0007006906235745221,104761.90476190473,290.06999999999994,False,2025-03
rev_vn,6,4,4,3,0.25,-4.355714285713788,-1.0889285714284571e-05,-0.23356181914675436,0.0011876342473060284,-0.0007006906235745221,104761.90476190473,290.06999999999994,False,2025-03
rev_vn,12,2,2,2,0.5,-2.1728571428568983,-1.0864285714284503e-05,-0.21291283022957244,0.0009748679161710038,0.0,57142.857142857145,145.02999999999997,False,2025-03
rev_vn,24,2,2,2,0.0,-277.8871428571415,-0.0013894357142857075,-27.233415927844458,0.0009747264948147552,-0.0020801279341508896,57142.857142857145,135.03,False,2025-03
unconditional,1,30177,2430,31,0.20051694999502934,-767587.199331721,-0.0002543616659481463,-17.215821694031476,0.2747797385860859,-8.531167958013063,13578626.672058634,1728787.58,True,2025-03
unconditional,6,28797,2122,31,0.2539153384033059,-11647.13270163213,-4.044564607991161e-06,-0.1971339897235142,0.36411808542997065,-0.7613422411009731,12504279.807671085,1649917.98,True,2025-03
unconditional,12,26450,1839,31,0.28627599243856333,459306.25140571524,0.00017365075667512866,5.044921775973326,0.5610901674142967,-0.6865776189947888,11157512.907001957,1502709.68,True,2025-03
unconditional,24,19702,1259,30,0.30611105471525735,342345.10582992143,0.00017376160076637974,4.02884244238968,0.5411392276931714,-0.8119131487009468,8518290.157977771,1140079.51,True,2025-03
mom_vn,1,180,100,29,0.3333333333333333,-7152.232511086399,-0.000397346250615911,-8.664395435431626,0.005438157655369876,-0.069938128168894,11526.21558487892,5335.4,True,2025-04
mom_vn,6,159,86,28,0.33962264150943394,-8488.589001510803,-0.0005338735221075977,-6.976389600164809,0.008302199810371409,-0.09724162867000873,10335.408097352207,4162.71,True,2025-04
mom_vn,12,143,76,28,0.4195804195804196,-5482.576837937569,-0.00038339698167395587,-3.433947507781964,0.010893801956036687,-0.08958317746201802,9308.230309975956,3711.63,True,2025-04
mom_vn,24,118,60,23,0.4322033898305085,-9256.189405958017,-0.0007844228310133914,-5.41141262397247,0.014208236537778161,-0.12967942800200113,8597.620098088248,2761.7000000000003,True,2025-04
rev_vn,1,3,3,3,0.0,-968.8836363636364,-0.0032296121212121213,-65.06478234607778,0.0009483110634528285,-0.0060865929907539945,8232.323232323228,182.51999999999998,False,2025-04
rev_vn,6,3,3,3,0.3333333333333333,1149.200303030303,0.0038306676767676765,5.303552319809607,0.013799204531626438,-0.007685146072104235,8232.323232323228,153.82999999999998,False,2025-04
rev_vn,12,3,3,3,0.6666666666666666,1856.8636363636365,0.0061895454545454545,9.925578777405688,0.011913773747974046,-0.0038306982831689145,8232.323232323228,179.5,False,2025-04
rev_vn,24,2,2,2,0.5,1589.9339393939395,0.007949669696969697,9.708057737913157,0.01564455325743969,-0.003054625342651676,4015.151515151515,99.46,False,2025-04
unconditional,1,32947,2107,30,0.19725619935047198,-912693.7127112756,-0.00027701876125634374,-29.842506516790884,0.19476680450318826,-12.429766144554668,18216173.141877484,1937877.53,True,2025-04
unconditional,6,31356,1796,30,0.26406429391504016,-95669.42076545919,-3.0510722274990167e-05,-1.2113674640316252,0.5029472260671596,-1.127365998220233,16755679.345927436,1839348.0599999998,True,2025-04
unconditional,12,29134,1541,30,0.29927232786435093,448661.4936609918,0.00015399927701688468,4.268447701511101,0.6693819705470475,-0.28398896794277717,14831368.474004464,1694141.2,True,2025-04
unconditional,24,24245,1002,29,0.326046607547948,616242.0500769702,0.00025417283979252235,4.837991710503643,0.8391404262444693,-0.25190293318469165,11874943.99535249,1409707.45,True,2025-04
mom_vn,1,216,108,30,0.30092592592592593,-9176.951368846216,-0.0004248588596688062,-12.903428673842578,0.004529168542655252,-0.08364097849797135,12442.397116674609,6302.6,True,2025-05
mom_vn,6,197,93,29,0.2893401015228426,-15529.297629499888,-0.000788289219771568,-11.112039991891072,0.009206752155617458,-0.15263532024320195,11986.348723508385,5833.25,True,2025-05
mom_vn,12,173,83,26,0.30057803468208094,-18205.60571897858,-0.001052347151386045,-11.307573065525876,0.011830655671470116,-0.18254030104992175,11930.527073128806,5257.639999999999,True,2025-05
mom_vn,24,143,65,21,0.4965034965034965,-10793.628413767714,-0.000754799189773966,-8.542900417342864,0.011494478078260727,-0.09247463297591946,11629.71729570393,4215.639999999999,True,2025-05
rev_vn,1,7,5,5,0.7142857142857143,2367.361111111111,0.003381944444444444,6.293222481991829,0.014373676014682594,-0.0055694082922008985,40444.44444444444,593.7499999999999,True,2025-05
rev_vn,6,6,4,3,0.6666666666666666,3686.515555555553,0.006144192592592588,8.271629875677887,0.028382467887221787,0.0,34074.074074074066,569.04,False,2025-05
rev_vn,12,2,2,2,0.5,2272.469999999996,0.01136234999999998,9.089352563869227,0.023882602245253733,0.0,29166.666666666653,227.52999999999997,False,2025-05
unconditional,1,35408,2262,31,0.18377202892001807,-850024.4860283453,-0.00024006565918107355,-26.538551681243028,0.19739627671851936,-15.319482956633143,17524732.029730488,2082388.0999999999,True,2025-05
unconditional,6,34000,1953,31,0.24532352941176472,-252507.8479061486,-7.426701409004373e-05,-3.6821265213544283,0.42263057402632614,-3.671725145059055,16098436.530305129,1995700.9299999997,True,2025-05
unconditional,12,31906,1683,31,0.29314235566978,436719.91098847945,0.0001368770485139094,5.704045604281924,0.4718508504006287,-0.5847617770053126,14328734.245995315,1860329.0099999998,True,2025-05
unconditional,24,26051,1108,30,0.3457448850332041,420341.689112042,0.00016135337956778707,6.040178797122336,0.44317764779046637,-0.3306708048357042,11201195.349812409,1526452.1199999999,True,2025-05
mom_vn,1,182,98,27,0.24175824175824176,-9631.578396683295,-0.0005292076042133679,-9.017813148303835,0.007557512943628938,-0.10540529222077147,10838.957068502254,4147.74,True,2025-06
mom_vn,6,170,89,25,0.28823529411764703,-10808.078864271414,-0.0006357693449571421,-8.965833455234975,0.009212219156254078,-0.11107401695681085,10560.383449912884,3857.96,True,2025-06
mom_vn,12,150,76,24,0.2733333333333333,-17802.24081609168,-0.0011868160544061116,-12.546336024646864,0.011295174562319923,-0.1786109603704567,9757.692733642105,3369.5599999999995,True,2025-06
mom_vn,24,122,58,19,0.36885245901639346,-8489.947343559685,-0.0006958973232425971,-7.462992788113091,0.01143891429259332,-0.08274755332468897,10196.347023424563,2659.57,True,2025-06
rev_vn,1,3,2,2,0.0,-451.31000000000006,-0.001504366666666667,-19.587054210880048,0.0022010112777993665,-0.003815571663278564,75000.0,201.31,False,2025-06
rev_vn,6,1,1,1,1.0,894.98,0.0089498,,,0.0,100000.0,105.02000000000001,False,2025-06
rev_vn,12,1,1,1,0.0,-70.02,-0.0007002,,,0.0,100000.0,70.02,False,2025-06
unconditional,1,32702,2579,30,0.20173078099198827,-698640.8240183318,-0.0002136385615614739,-26.155169118865857,0.1701067724044789,-8.03911932603944,20034067.584066067,1902812.88,True,2025-06
unconditional,6,30852,2187,30,0.2587514585764294,16291.915306906245,5.280667479225425e-06,0.31358747179113733,0.3308556972663735,-0.654675089083807,18075908.073148694,1792847.7999999998,True,2025-06
unconditional,12,28132,1869,30,0.2871818569600455,819658.6043603923,0.0002913616537609812,9.826068891017279,0.5312248408551943,-0.14390029008482988,15652884.11353556,1632711.26,True,2025-06
unconditional,24,22259,1190,29,0.32103868098297317,1201335.7519603327,0.000539707871854231,9.950938914465327,0.7953325850612257,-0.27843254833373005,12220425.295226924,1308891.39,True,2025-06
mom_vn,1,197,129,30,0.27918781725888325,-6638.1618684846435,-0.0003369625313951595,-6.067807546174107,0.006966926327211117,-0.07777367291825375,11078.74063802561,6287.08,True,2025-07
mom_vn,6,174,107,31,0.3218390804597701,-2925.8601764664973,-0.0001681528837049711,-1.8865104325241038,0.009558265615906322,-0.04960169527855074,9507.441667708667,5619.73,True,2025-07
mom_vn,12,146,89,30,0.3082191780821918,-2958.943810212457,-0.00020266738426112703,-1.2362432400203223,0.01524256184356275,-0.05506043677182899,8359.49396382594,4635.0,True,2025-07
mom_vn,24,104,65,27,0.33653846153846156,-8143.956511299888,-0.0007830727414711431,-4.927966713953571,0.011693656927847488,-0.08566912431382506,6785.6885259000055,3513.83,True,2025-07
rev_vn,1,5,3,3,0.6,3283.2661538461507,0.006566532307692304,11.684511395999708,0.0178945470826705,0.0,79373.21937321931,470.5799999999999,False,2025-07
rev_vn,6,5,3,3,0.6,2380.7177777777742,0.004761435555555548,17.73299934321589,0.008549700363765057,0.0,79373.21937321931,397.05999999999995,False,2025-07
rev_vn,12,3,2,2,1.0,2708.3043589743556,0.009027681196581185,99.3328781917789,0.002604479154767144,0.0,19059.829059829048,250.67,False,2025-07
unconditional,1,39767,3276,31,0.2118339326577313,-924176.427499509,-0.0002323978242008472,-38.69284755887151,0.1472003806476503,-14.144694294586829,22406208.511310607,2383123.1999999997,True,2025-07
unconditional,6,37409,2784,31,0.2780346975326793,121771.63885471647,3.255142849440413e-05,2.5923745200115884,0.28948971932136885,-0.426573190106652,20092915.415415548,2241349.1999999997,True,2025-07
unconditional,12,33495,2352,31,0.3102254067771309,903395.5691610394,0.00026971057446217026,11.374826483641273,0.48946079818885085,-0.09679396426217077,17098702.055775765,2005604.1199999999,True,2025-07
unconditional,24,25596,1501,30,0.34270979840600096,900405.7616887385,0.00035177596565429706,11.082302352829549,0.51740836803269,-0.15543026919892058,12495058.835318455,1540080.6,True,2025-07
mom_vn,1,229,146,31,0.3318777292576419,-3464.370461122566,-0.00015128255288744826,-4.651605431361705,0.004589931417613788,-0.03617512143601723,11369.954832518526,5612.920000000002,True,2025-08
mom_vn,6,198,124,31,0.41414141414141414,2414.877486180506,0.00012196350940305584,1.6178713940756335,0.009198898878594748,-0.02488126610829854,10020.984172436009,4689.030000000001,True,2025-08
mom_vn,12,160,102,27,0.45625,375.36589302278503,2.3460368313923996e-05,0.17747774364972874,0.014965580867407588,-0.04261158696766868,9651.036092377706,3938.2200000000003,True,2025-08
mom_vn,24,125,76,28,0.456,-2253.346607813563,-0.00018026772862508522,-1.3181541027261228,0.011664072618723736,-0.0421636339342546,7067.175313949598,2995.0,True,2025-08
rev_vn,1,3,3,3,0.3333333333333333,-35.434333800841856,-0.00011811444600280626,-0.8677177952851161,0.0026005843543500558,-0.0006999579148920616,35857.877512856445,216.36,False,2025-08
rev_vn,6,3,3,3,0.3333333333333333,-578.1666760168306,-0.0019272222533894352,-12.392543611803683,0.002971103480105337,-0.0007037762154454237,35857.877512856445,196.68,False,2025-08
rev_vn,12,2,2,2,0.0,-171.15806451612906,-0.0008557903225806453,-74.30468959765238,0.0002200379443675534,-0.0007009088856810401,51612.90322580641,138.89999999999998,False,2025-08
rev_vn,24,2,2,2,0.5,-46.63580645161319,-0.00023317903225806598,-6.745040326380634,0.0006604673864932508,-0.0007000363021560901,51612.90322580641,143.41,False,2025-08
unconditional,1,54201,4057,31,0.18641722477445066,-1578519.735930177,-0.00029123443034818116,-48.33473873210046,0.20126830036182464,-29.094809299688066,26279346.109285254,3272636.5599999996,True,2025-08
unconditional,6,51472,3560,31,0.23698321417469692,-786228.9589448357,-0.0001527488651975512,-13.249290071687758,0.3657136463579339,-8.633894662377926,23352311.271198496,3098288.7,True,2025-08
unconditional,12,47700,3086,31,0.26257861635220126,1461.5707269817503,3.064089574385018e-07,0.017566643685558103,0.512761940287341,-0.7377367683572487,20095952.264637273,2859557.81,True,2025-08
unconditional,24,38675,2109,30,0.28398190045248867,550458.8962742882,0.00014232938494487089,5.345824707026394,0.6557455599062284,-0.4621397267881581,15052920.403039476,2339678.5300000003,True,2025-08
mom_vn,1,215,141,30,0.33488372093023255,6087.122618091642,0.00028312198223682064,1.954946322207463,0.019829072032606625,-0.03864796161422728,15492.5268473276,7262.709999999999,True,2025-09
mom_vn,6,201,130,29,0.3333333333333333,4176.509718187862,0.00020778655314367467,1.2368880293352753,0.022244955648638695,-0.07426628471007403,14953.180778168964,6745.6,True,2025-09
mom_vn,12,169,107,29,0.3609467455621302,5521.659454256682,0.00032672541149447824,1.798552631397745,0.020225296702077858,-0.0503669277294045,10803.372851707263,5880.719999999999,True,2025-09
mom_vn,24,134,82,28,0.4626865671641791,8574.516555005466,0.0006398892951496617,5.413220322506995,0.010807925452363724,-0.035798083381105045,8923.538895882331,4449.2,True,2025-09
rev_vn,1,2,2,2,0.0,-416.31081081081084,-0.0020815540540540544,-20.35701613989586,0.0019535296376823014,-0.0034653345353497468,50675.67567567563,105.5,False,2025-09
rev_vn,6,2,2,2,0.0,-508.54540540540546,-0.002542727027027027,-18.643064693925904,0.0026057267106606003,-0.004388326760451617,50675.67567567563,103.14,False,2025-09
rev_vn,12,2,2,2,0.5,2492.6727027027027,0.012463363513513513,10.66553363974298,0.022325392580730657,-0.0032317759487751688,50675.67567567563,210.02999999999997,False,2025-09
rev_vn,24,2,2,2,0.0,-206.51810810810815,-0.0010325905405405406,-41.96728950699998,0.0004700712104369568,-0.00136593751052593,50675.67567567563,98.41,False,2025-09
unconditional,1,82300,5400,30,0.15080194410692588,-2636509.1412626226,-0.0003203534801048144,-39.238219648967956,0.42790283613682545,-60.15848209359053,29055566.729622666,4856142.01,True,2025-09
unconditional,6,79357,4900,30,0.19009035119775194,-1957656.935886299,-0.0002466898869521654,-26.382499660621885,0.47254788497656425,-26.284402742669062,26439686.353068996,4668397.35,True,2025-09
unconditional,12,75251,4417,30,0.2203160090895802,-1552166.9661033698,-0.0002062652942955403,-21.437352430644072,0.46109717988350535,-20.800484205451735,23679298.2982853,4389956.97,True,2025-09
unconditional,24,60548,3102,29,0.25059456959767457,-1135566.1277345805,-0.00018754808213889486,-17.12164199816755,0.4369336090104562,-16.871298437463075,18849201.9534605,3557932.6999999997,True,2025-09
mom_vn,1,309,203,31,0.343042071197411,-10791.464579952471,-0.0003492383359207919,-7.831548069982406,0.00849214713286478,-0.10453030008310239,19831.875355467862,8146.009999999999,True,2025-10
mom_vn,6,286,182,31,0.34965034965034963,-7757.725288156675,-0.000271249135949534,-4.721095393474053,0.010126896215419802,-0.09144777508712625,16968.649980471215,7330.84,True,2025-10
mom_vn,12,247,159,31,0.3603238866396761,-6270.117147839313,-0.00025385089667365635,-2.2730615998797017,0.017000010444496554,-0.08863458623656154,15106.456756518279,6814.209999999998,True,2025-10
mom_vn,24,173,116,29,0.4161849710982659,-14230.728004003062,-0.0008225854337574024,-8.090613481209726,0.011587616098842388,-0.1354258030620566,11332.19481901971,5282.43,True,2025-10
rev_vn,1,9,3,3,0.2222222222222222,-300.9819799498742,-0.0003344244221665269,-8.63154226573679,0.0022206354615555224,-0.003754839645502787,138429.4068504595,584.19,False,2025-10
rev_vn,6,9,3,4,0.3333333333333333,-1561.7189223057642,-0.001735243247006405,-22.203032801572757,0.0033595183125966956,-0.01318351303777586,103822.05513784461,534.15,False,2025-10
rev_vn,12,4,2,2,0.25,-768.6591729323297,-0.0019216479323308246,-12.726945762981185,0.005769338988602134,0.0,7644.110275689224,200.99,False,2025-10
rev_vn,24,4,2,2,0.25,-508.87904761904787,-0.0012721976190476197,-12.934827291536584,0.0037581176519496705,0.0,7644.110275689224,211.26,False,2025-10
unconditional,1,120312,8129,31,0.16320067823658488,-3472955.1242028577,-0.00028866240476451706,-50.720952277602386,0.4219845118070699,-0.0,41607629.514107525,7005104.75,True,2025-10
unconditional,6,116494,7498,31,0.21272340206362558,-2084857.2390420688,-0.00017896692010250042,-23.295481226385096,0.5515556960565168,-69.80464749222892,38332112.26596057,6757062.01,True,2025-10
unconditional,12,110203,6792,31,0.25159024708946215,-1174785.569317813,-0.00010660195904991813,-10.551281141670875,0.686180143596764,-5.332855969052902,34118226.48478529,6341939.699999999,True,2025-10
unconditional,24,87295,4647,30,0.29808121885560457,-97858.24486251286,-1.1210062989004308e-05,-0.6329223557044966,0.9846279595781549,-0.9970123225641647,27480231.94863887,5061153.65,True,2025-10
mom_vn,1,515,302,30,0.32038834951456313,61175.84882530432,0.0011878805597146471,4.19864545577847,0.09278888973814092,-0.06558230875846481,40848.54849446076,14579.859999999999,True,2025-11
mom_vn,6,484,278,30,0.390495867768595,55710.72674129281,0.0011510480731672067,5.690381536508031,0.06234801264192179,-0.04590897645135547,38642.61504036548,12688.01,True,2025-11
mom_vn,12,417,237,29,0.4052757793764988,50864.986469729585,0.0012197838481949538,4.341243031640536,0.07718861855488023,-0.06174981236174661,34647.04250401354,12059.380000000001,True,2025-11
mom_vn,24,317,169,29,0.4794952681388013,8369.781347385906,0.0002640309573307855,1.8986624155363951,0.029041215761836176,-0.1363841177761251,23283.026665417383,7947.22,True,2025-11
rev_vn,1,28,15,4,0.35714285714285715,6380.517696796131,0.0022787563202843327,17.33307050779718,0.017581942475533956,-0.008833289563043224,235395.44328414972,2212.8399999999997,False,2025-11
rev_vn,6,27,14,6,0.4444444444444444,14626.537673641642,0.00541723617542283,15.68678879768747,0.02968948515587396,-0.008095922070980737,140263.62885609982,2432.37,True,2025-11
rev_vn,12,27,14,6,0.2962962962962963,12140.424685852051,0.004496453587352613,10.589187519649101,0.03650618260692373,-0.005054103514946785,140263.62885609982,2337.24,True,2025-11
rev_vn,24,26,13,5,0.34615384615384615,38050.73412863832,0.014634897741783968,8.936562307710092,0.16269304230601203,-0.013715009903473496,167316.3546273198,2077.76,True,2025-11
unconditional,1,130942,10360,30,0.17533717218310396,-3028428.453306784,-0.00023128014336933788,-42.24373659094179,0.45654140337777005,-0.0,63558383.58496971,7733044.35,True,2025-11
unconditional,6,127093,9619,30,0.2169120250525206,-2275662.949124222,-0.00017905494001433771,-19.273641844424525,0.7519160095820375,-26.80187349787321,59331906.77879108,7443496.95,True,2025-11
unconditional,12,120348,8795,30,0.2520357629540998,-1592912.1987637223,-0.00013235884258680844,-11.66218206023836,0.8698356410944501,-20.63028229099813,53581615.54432503,6985472.879999999,True,2025-11
unconditional,24,89199,5518,29,0.28156145248265113,-403592.2274337643,-4.524627265258179e-05,-2.454844402935959,1.0830967632470954,-1.8893351304862,41187699.88208038,5275528.6899999995,True,2025-11
mom_vn,1,514,299,31,0.321011673151751,14953.865929411466,0.0002909312437628689,2.323118877935197,0.03967041895642235,-0.06169903131757719,39395.606025319976,14775.17,True,2025-12
mom_vn,6,500,288,31,0.32,-13853.690194665627,-0.0002770738038933125,-3.65470720267349,0.023361333035494335,-0.14702659538645282,34391.44583748474,13123.619999999999,True,2025-12
mom_vn,12,433,250,31,0.40415704387990764,-3586.7737641926287,-8.283542180583436e-05,-1.000451873892985,0.022094924444364523,-0.11630627278250442,31325.479496745505,12153.560000000001,True,2025-12
mom_vn,24,302,171,30,0.3708609271523179,-18503.90207564417,-0.0006127119892597407,-3.671484404480067,0.03209569698368468,-0.2212011042424095,22213.96033049034,9670.29,True,2025-12
rev_vn,1,33,20,12,0.45454545454545453,7021.305147083777,0.002127668226389024,4.6347400324677075,0.02411890878194031,-0.009889317509055322,53898.12948075131,2288.41,True,2025-12
rev_vn,6,33,20,13,0.7272727272727273,12747.539227755455,0.00386289067507741,8.71762801367443,0.021489737152361073,-0.010082703608579296,49752.119520693515,2480.95,True,2025-12
rev_vn,12,20,14,10,0.65,7739.896334445819,0.0038699481672229107,10.119144053969743,0.014612946614325533,-0.005519544080075263,18778.654477800683,1423.2500000000002,True,2025-12
rev_vn,24,14,8,8,0.8571428571428571,11365.917305198149,0.008118512360855822,16.425791872605537,0.016524739484708766,-0.0023027686408790757,10922.521462807606,1236.57,True,2025-12
unconditional,1,166880,13098,31,0.17420901246404602,-3208439.139194889,-0.0001922602552250054,-36.47520172464499,0.5421017903121346,-0.0,102896033.07537104,10314627.96,True,2025-12
unconditional,6,162696,12385,31,0.2147747947091508,-1364011.4472582277,-8.38380444054081e-05,-5.091328199975094,1.6510934700861657,-4.128003612676785,97447053.5946479,9966726.799999999,True,2025-12
unconditional,12,154029,11341,31,0.24383719948840804,742167.5834411725,4.8183626683363036e-05,2.2977671994798947,1.9905848481346382,-6.589507103438481,88836691.99160917,9367963.649999999,True,2025-12
unconditional,24,112262,7115,30,0.2626979743813579,1238989.6484376525,0.000110365898383928,3.892905850742543,2.0268376121847833,-2.477122379839434,66674283.34672142,6984375.449999999,True,2025-12
mom_vn,1,390,256,27,0.2846153846153846,17085.03551399945,0.00043807783369229384,5.168198279691043,0.023391570804867826,-0.046777899907582556,42722.95870862419,10609.4,True,2026-01
mom_vn,6,386,253,28,0.3393782383419689,24133.564042902814,0.000625221866396446,4.918850857194896,0.033476975112951106,-0.07074071779173377,41010.208738925634,10618.27,True,2026-01
mom_vn,12,358,237,28,0.3743016759776536,29210.00409644508,0.0008159219021353373,5.113179138521267,0.0389788489685568,-0.07575801740190001,33544.77465824207,9925.98,True,2026-01
mom_vn,24,199,152,26,0.4623115577889447,30559.418091115404,0.0015356491503073064,6.635710667351926,0.0338400287201344,-0.06603801244638076,19390.656575416673,7769.529999999999,True,2026-01
rev_vn,1,10,4,4,0.2,4954.217531036893,0.004954217531036894,6.6023506191267325,0.035839581420105085,-0.0010127386544537304,46893.14128344114,547.26,False,2026-01
rev_vn,6,10,4,4,0.0,-5682.667319461445,-0.005682667319461445,-14.678611542682427,0.018490714599005243,-0.01787122273452344,46893.14128344114,422.59999999999997,False,2026-01
rev_vn,12,10,4,5,0.0,-6877.782468963105,-0.006877782468963106,-14.629537298658143,0.01796363711132999,-0.02623810424430033,37514.51302675291,379.26,True,2026-01
rev_vn,24,6,1,1,0.0,-5127.881428571429,-0.008546469047619049,,,0.0,75357.14285714286,249.31,False,2026-01
unconditional,1,184386,14859,28,0.1582820821537427,-4936867.975592621,-0.0002677463568596651,-43.341847776940604,0.7771994625920444,-127.9547081232002,116365871.64446221,11570552.91,True,2026-01
unconditional,6,182617,14629,28,0.2022538975013279,-3139201.7167655826,-0.00017190084804621605,-22.268526217895456,0.9618694885687794,-45.97491106241536,113189442.04788591,11410786.739999998,True,2026-01
unconditional,12,176431,14018,28,0.23657973938820276,-1893696.5005036187,-0.00010733354685421606,-11.674634850198187,1.1067651398301408,-20.552271342850915,104544921.82836963,10889050.89,True,2026-01
unconditional,24,126816,9068,27,0.2644145849104214,545609.5379945461,4.302371451508847e-05,2.8611359938880176,1.3493546838567336,-0.9534983370276292,79110769.27993466,8052537.17,True,2026-01
